month,months_since_issuing,plan_type_encoded,cpi,transaction_amount_lag_1m,transaction_amount_mean_prev_3m,transaction_amount_slope_3m,plan_type_encoded_lag_1m,plan_type_encoded_mean_prev_3m,plan_type_encoded_slope_3m,cpi_lag_1m,cpi_mean_prev_3m,cpi_slope_3m
1,22,1.0,299.17,254.345936333201,257.18885037291903,-1.732518033895049,2.0,2.0,0.0,304.127,304.19966666666664,0.958500000000015
2,23,2.0,300.84,193.524658235208,193.524658235208,-1.732518033895049,1.0,1.0,0.0,299.17,299.17,0.958500000000015
3,24,2.0,301.836,303.342657256548,248.433657745878,-1.732518033895049,2.0,1.5,0.0,300.84,300.005,0.958500000000015
4,25,3.0,303.363,38.46096996241769,178.4427618180579,-77.53184413639515,2.0,1.6666666666666667,0.5,301.836,300.61533333333335,1.3329999999999984
5,26,2.0,304.127,356.955563120062,232.91973011300922,26.80645293175698,3.0,2.3333333333333335,0.5,303.363,302.013,1.2615000000000123
6,27,3.0,305.109,417.896893992207,271.1044756915622,189.71796201489468,2.0,2.3333333333333335,0.0,304.127,303.1086666666667,1.1454999999999984
7,28,2.0,305.691,254.345936333201,387.42622855613445,-1.732518033895049,3.0,2.6666666666666665,0.0,305.109,304.19966666666664,0.8729999999999905
8,29,2.0,307.026,221.653059134637,319.774976563422,-1.732518033895049,2.0,2.3333333333333335,0.0,305.691,304.97566666666665,0.7819999999999822
9,30,3.0,307.789,78.3519917195005,150.00252542706875,-1.732518033895049,2.0,2.3333333333333335,-0.5,307.026,305.942,0.958500000000015
10,31,2.0,307.671,233.474292266348,177.8264477068285,5.9106165658554914,3.0,2.3333333333333335,0.5,307.789,306.8353333333334,1.0490000000000066
1,5,1.0,299.17,254.345936333201,400.55152285870497,-1.732518033895049,2.0,1.5,0.0,304.127,307.361,0.958500000000015
2,6,2.0,300.84,27.6117141604036,213.77506109204677,-1.732518033895049,1.0,1.5,0.0,299.17,303.1105,0.958500000000015
1,18,2.0,299.17,254.345936333201,180.88072891765106,-1.732518033895049,2.0,1.0,0.0,304.127,307.361,0.958500000000015
2,19,2.0,300.84,419.697674571552,368.8133191563501,-1.732518033895049,2.0,1.5,0.0,299.17,303.1105,0.958500000000015
3,20,2.0,301.836,247.696383389975,333.6970289807636,-1.732518033895049,2.0,2.0,0.0,300.84,300.005,0.958500000000015
4,21,3.0,303.363,231.134115384335,299.5093911152874,-94.2817795936085,2.0,2.0,0.0,301.836,300.61533333333335,1.3329999999999984
5,22,2.0,304.127,442.45433961845,307.09494613092005,97.37897811423748,3.0,2.3333333333333335,0.5,303.363,302.013,1.2615000000000123
6,23,1.0,305.109,200.034784059296,291.20774635402705,-15.5496656625195,2.0,2.3333333333333335,0.0,304.127,303.1086666666667,1.1454999999999984
7,24,1.0,305.691,109.701643823822,250.73025583385606,-166.376347897314,1.0,2.0,-1.0,305.109,304.19966666666664,0.8729999999999905
8,25,3.0,307.026,200.808420099649,170.18161599425574,0.3868180201765057,1.0,1.3333333333333333,-0.5,305.691,304.97566666666665,0.7819999999999822
9,26,3.0,307.789,42.6167166779692,117.70892686714681,-33.542463572926394,3.0,1.6666666666666667,1.0,307.026,305.942,0.958500000000015
10,27,3.0,307.671,193.979774948585,145.8016372420678,-3.4143225755319975,3.0,2.3333333333333335,1.0,307.789,306.8353333333334,1.0490000000000066
11,28,3.0,307.051,498.619353412446,245.07194834633347,228.0013183672384,3.0,3.0,0.0,307.671,307.49533333333335,0.3224999999999909
12,29,2.0,306.746,117.854549693329,270.1512260181201,-38.062612627628,3.0,3.0,0.0,307.051,307.5036666666667,-0.3689999999999998
1,0,1.0,299.17,254.345936333201,328.20809533892646,-1.732518033895049,2.0,1.5,0.0,304.127,307.361,0.958500000000015
2,1,3.0,300.84,48.4436268577103,108.34614929946062,-1.732518033895049,1.0,1.0,0.0,299.17,303.1105,0.958500000000015
3,2,3.0,301.836,419.63025905098095,234.0369429543456,-1.732518033895049,3.0,2.0,0.0,300.84,300.005,0.958500000000015
4,3,2.0,303.363,94.9142168347144,187.6627009144685,23.23529498850204,3.0,2.3333333333333335,1.0,301.836,300.61533333333335,1.3329999999999984
5,4,2.0,304.127,279.121065705999,264.55518053056477,-70.25459667249098,2.0,2.6666666666666665,-0.5,303.363,302.013,1.2615000000000123
6,5,2.0,305.109,147.167609503512,173.7342973480751,26.126696334398808,2.0,2.3333333333333335,-0.5,304.127,303.1086666666667,1.1454999999999984
7,6,3.0,305.691,281.633485730586,235.974053646699,1.2562100122935078,2.0,2.0,0.0,305.109,304.19966666666664,0.8729999999999905
8,7,1.0,307.026,131.388184855567,186.72976002988833,-7.889712323972503,3.0,2.3333333333333335,0.5,305.691,304.97566666666665,0.7819999999999822
1,34,3.0,299.17,254.345936333201,206.36554490760128,-1.732518033895049,2.0,2.0,0.0,304.127,307.361,0.958500000000015
2,35,2.0,300.84,222.587308126607,140.2630234227988,-1.732518033895049,3.0,3.0,0.0,299.17,303.1105,0.958500000000015
3,36,1.0,301.836,321.195888925146,271.8915985258765,-1.732518033895049,2.0,2.5,0.0,300.84,300.005,0.958500000000015
4,37,2.0,303.363,316.671358699976,286.8181852505763,47.04202528668449,1.0,2.0,-1.0,301.836,300.61533333333335,1.3329999999999984
5,38,2.0,304.127,332.759879493283,323.5423757061349,5.7819952840685005,2.0,1.6666666666666667,0.0,303.363,302.013,1.2615000000000123
6,39,3.0,305.109,324.785446321095,324.738894838118,4.057043810559492,2.0,1.6666666666666667,0.5,304.127,303.1086666666667,1.1454999999999984
7,40,3.0,305.691,470.712818298229,376.08604803753565,68.97646940247301,3.0,2.3333333333333335,0.5,305.109,304.19966666666664,0.8729999999999905
8,41,3.0,307.026,325.211227036753,373.5698305520256,0.21289035782899646,3.0,2.6666666666666665,0.5,305.691,304.97566666666665,0.7819999999999822
9,42,2.0,307.789,471.317756300497,422.41393387849297,0.3024690011339999,3.0,3.0,0.0,307.026,305.942,0.958500000000015
10,43,3.0,307.671,453.621814558471,416.71693263190696,64.205293760859,2.0,2.6666666666666665,-0.5,307.789,306.8353333333334,1.0490000000000066
11,44,3.0,307.051,59.3812206749391,328.1069305113023,-205.96826781277895,3.0,2.6666666666666665,0.0,307.671,307.49533333333335,0.3224999999999909
12,45,1.0,306.746,344.673318974015,285.89211806914165,-54.474247792228,3.0,2.6666666666666665,0.5,307.051,307.5036666666667,-0.3689999999999998
1,25,2.0,299.17,254.345936333201,202.02726982447697,-1.732518033895049,2.0,3.0,0.0,304.127,307.361,0.958500000000015
2,26,1.0,300.84,148.108839638966,246.3910793064904,-1.732518033895049,2.0,2.5,0.0,299.17,303.1105,0.958500000000015
3,27,2.0,301.836,318.181994922143,233.14541728055445,-1.732518033895049,1.0,1.5,0.0,300.84,300.005,0.958500000000015
4,28,3.0,303.363,403.705655888576,289.99883014989496,127.798408124805,2.0,1.6666666666666667,0.0,301.836,300.61533333333335,1.3329999999999984
5,29,1.0,304.127,377.801228304021,366.5629597049133,29.809616690938977,3.0,2.0,1.0,303.363,302.013,1.2615000000000123
6,30,3.0,305.109,212.182661686599,331.2298486263986,-95.7614971009885,1.0,2.0,-0.5,304.127,303.1086666666667,1.1454999999999984
7,31,3.0,305.691,176.993734723979,255.65920823819965,-100.40374679002099,3.0,2.3333333333333335,0.0,305.109,304.19966666666664,0.8729999999999905
8,32,3.0,307.026,220.207073413759,203.12782327477896,4.012205863579993,3.0,2.3333333333333335,1.0,305.691,304.97566666666665,0.7819999999999822
9,33,3.0,307.789,60.530695729607,152.57716795578162,-58.231519497186,3.0,3.0,0.0,307.026,305.942,0.958500000000015
10,34,1.0,307.671,414.964158392793,231.90064251205297,97.37854248951702,3.0,3.0,0.0,307.789,306.8353333333334,1.0490000000000066
11,35,3.0,307.051,200.70882257974,225.40122556737995,70.0890634250665,1.0,2.3333333333333335,-1.0,307.671,307.49533333333335,0.3224999999999909
12,36,2.0,306.746,54.7304716252054,223.4678175325794,-180.11684338379382,3.0,2.3333333333333335,0.0,307.051,307.5036666666667,-0.3689999999999998
1,24,3.0,299.17,254.345936333201,127.71964710247263,-1.732518033895049,2.0,2.0,0.0,304.127,307.361,0.958500000000015
2,25,1.0,300.84,229.738305769377,142.23438869729114,-1.732518033895049,3.0,3.0,0.0,299.17,303.1105,0.958500000000015
3,26,1.0,301.836,339.534043477749,284.63617462356297,-1.732518033895049,1.0,2.0,0.0,300.84,300.005,0.958500000000015
4,27,2.0,303.363,396.912889969331,322.0617464054856,83.58729209997699,1.0,1.6666666666666667,-1.0,301.836,300.61533333333335,1.3329999999999984
5,28,2.0,304.127,38.2037924081557,258.2169086184119,-150.66512553479663,2.0,1.3333333333333333,0.5,303.363,302.013,1.2615000000000123
6,29,2.0,305.109,444.975049551567,293.36391064301785,24.031079791118003,2.0,1.6666666666666667,0.5,304.127,303.1086666666667,1.1454999999999984
7,30,2.0,305.691,80.0659242058896,187.74825538853744,20.931065898866954,2.0,2.0,0.0,305.109,304.19966666666664,0.8729999999999905
8,31,3.0,307.026,59.5501113001672,194.86369501920794,-192.7124691256999,2.0,2.0,0.0,305.691,304.97566666666665,0.7819999999999822
9,32,1.0,307.789,45.6538731184548,61.75663620817051,-17.206025543717402,3.0,2.3333333333333335,0.5,307.026,305.942,0.958500000000015
10,33,2.0,307.671,49.8609025145309,51.68829564438428,-4.844604392818152,1.0,2.0,-0.5,307.789,306.8353333333334,1.0490000000000066
11,34,3.0,307.051,193.392689920499,96.30248851782822,73.8694084010221,2.0,2.0,-0.5,307.671,307.49533333333335,0.3224999999999909
12,35,3.0,306.746,474.1518029180911,239.13513178437367,212.14545020178008,3.0,2.0,1.0,307.051,307.5036666666667,-0.3689999999999998
1,10,3.0,299.17,254.345936333201,333.772246419295,-1.732518033895049,2.0,2.5,0.0,304.127,307.361,0.958500000000015
2,11,1.0,300.84,283.618082370544,378.88494264431756,-1.732518033895049,3.0,3.0,0.0,299.17,303.1105,0.958500000000015
1,60,1.0,299.17,254.345936333201,465.9503753993989,-1.732518033895049,2.0,2.0,0.0,304.127,307.361,0.958500000000015
2,61,1.0,300.84,281.388599356647,364.024362534351,-1.732518033895049,1.0,1.5,0.0,299.17,303.1105,0.958500000000015
3,62,2.0,301.836,318.405332686279,299.89696602146296,-1.732518033895049,1.0,1.0,0.0,300.84,300.005,0.958500000000015
4,63,1.0,303.363,317.503459241191,305.76579709470565,18.057429942272023,2.0,1.3333333333333333,0.5,301.836,300.61533333333335,1.3329999999999984
5,64,2.0,304.127,32.2687263673144,222.72583943159478,-143.0683031594823,1.0,1.3333333333333333,0.0,303.363,302.013,1.2615000000000123
6,65,3.0,305.109,446.229254106549,265.33381323835147,64.36289743267898,2.0,1.6666666666666667,0.0,304.127,303.1086666666667,1.1454999999999984
7,66,2.0,305.691,145.916779660755,208.1382533782061,56.8240266467203,3.0,2.0,1.0,305.109,304.19966666666664,0.8729999999999905
8,67,2.0,307.026,183.142591732766,258.4295418333566,-131.5433311868915,2.0,2.3333333333333335,0.0,305.691,304.97566666666665,0.7819999999999822
9,68,1.0,307.789,487.453455756422,272.1709423833143,170.76833804783348,2.0,2.3333333333333335,-0.5,307.026,305.942,0.958500000000015
10,69,2.0,307.671,272.687219508619,314.42775566593565,44.772313887926515,1.0,1.6666666666666667,-0.5,307.789,306.8353333333334,1.0490000000000066
11,70,2.0,307.051,345.518274551401,368.5529832721473,-70.96759060251048,2.0,1.6666666666666667,0.0,307.671,307.49533333333335,0.3224999999999909
12,71,2.0,306.746,413.043249032353,343.749581030791,70.17801476186699,2.0,1.6666666666666667,0.5,307.051,307.5036666666667,-0.3689999999999998
1,43,2.0,299.17,254.345936333201,379.28076179187696,-1.732518033895049,2.0,2.0,0.0,304.127,307.361,0.958500000000015
1,49,1.0,299.17,254.345936333201,442.577941802332,-1.732518033895049,2.0,3.0,0.0,304.127,307.361,0.958500000000015
2,50,3.0,300.84,230.766626301946,308.78522987019795,-1.732518033895049,1.0,2.0,0.0,299.17,303.1105,0.958500000000015
3,51,1.0,301.836,307.025570880931,268.89609859143843,-1.732518033895049,3.0,2.0,0.0,300.84,300.005,0.958500000000015
4,52,1.0,303.363,312.882837824369,283.5583450024153,41.05810576121151,1.0,1.6666666666666667,0.0,301.836,300.61533333333335,1.3329999999999984
5,53,1.0,304.127,339.070865840472,319.65975818192396,16.022647479770484,1.0,1.6666666666666667,-1.0,303.363,302.013,1.2615000000000123
6,54,1.0,305.109,264.880115544877,305.61127306990596,-24.001361139745992,1.0,1.0,0.0,304.127,303.1086666666667,1.1454999999999984
7,55,2.0,305.691,284.859606052339,296.2701958125627,-27.10562989406648,1.0,1.0,0.0,305.109,304.19966666666664,0.8729999999999905
8,56,1.0,307.026,75.667461940814,208.4690611793433,-94.60632680203152,2.0,1.3333333333333333,0.5,305.691,304.97566666666665,0.7819999999999822
9,57,1.0,307.789,313.951680163198,224.82624938545032,14.54603705542948,1.0,1.3333333333333333,0.0,307.026,305.942,0.958500000000015
10,58,3.0,307.671,76.8220230375172,155.4803883805097,0.5772805483516024,1.0,1.3333333333333333,-0.5,307.789,306.8353333333334,1.0490000000000066
11,59,1.0,307.051,299.05966655877,229.94445658649502,-7.4460068022139865,3.0,1.6666666666666667,1.0,307.671,307.49533333333335,0.3224999999999909
12,60,2.0,306.746,453.037760301937,276.30648329940806,188.1078686322099,1.0,1.6666666666666667,0.0,307.051,307.5036666666667,-0.3689999999999998
1,25,1.0,299.17,254.345936333201,376.04871343035353,-1.732518033895049,2.0,2.0,0.0,304.127,307.361,0.958500000000015
2,26,2.0,300.84,432.55821728590496,442.797988793921,-1.732518033895049,1.0,1.0,0.0,299.17,303.1105,0.958500000000015
3,27,3.0,301.836,464.027936329132,448.29307680751845,-1.732518033895049,2.0,1.5,0.0,300.84,300.005,0.958500000000015
4,28,2.0,303.363,234.976520556748,377.18755805726164,-98.79084836457848,3.0,2.0,1.0,301.836,300.61533333333335,1.3329999999999984
5,29,1.0,304.127,171.088289040879,290.0309153089197,-146.4698236441265,2.0,2.3333333333333335,0.0,303.363,302.013,1.2615000000000123
6,30,2.0,305.109,47.1730307732453,151.0792801236241,-93.90174489175135,1.0,2.0,-1.0,304.127,303.1086666666667,1.1454999999999984
7,31,3.0,305.691,84.4323198210242,100.89787987838282,-43.327984609927405,2.0,1.6666666666666667,0.0,305.109,304.19966666666664,0.8729999999999905
8,32,2.0,307.026,99.121241355581,76.9088639832835,25.974105291167852,3.0,2.0,1.0,305.691,304.97566666666665,0.7819999999999822
9,33,3.0,307.789,242.241203728807,141.93158830180406,78.90444195389139,2.0,2.3333333333333335,0.0,307.026,305.942,0.958500000000015
10,34,1.0,307.671,104.221619216249,148.52802143354566,2.550188930333995,3.0,2.6666666666666665,0.0,307.789,306.8353333333334,1.0490000000000066
11,35,1.0,307.051,146.50926612566,164.3240296902387,-47.8659688015735,1.0,2.0,-0.5,307.671,307.49533333333335,0.3224999999999909
12,36,3.0,306.746,69.1115768392944,106.61415406040112,-17.555021188477298,1.0,1.6666666666666667,-1.0,307.051,307.5036666666667,-0.3689999999999998
1,58,3.0,299.17,254.345936333201,284.8359261271875,-1.732518033895049,2.0,1.5,0.0,304.127,307.361,0.958500000000015
2,59,2.0,300.84,483.159696206534,395.4283368191195,-1.732518033895049,3.0,2.0,0.0,299.17,303.1105,0.958500000000015
3,60,3.0,301.836,57.859335863128095,270.50951603483105,-1.732518033895049,2.0,2.5,0.0,300.84,300.005,0.958500000000015
1,42,3.0,299.17,254.345936333201,107.81042148247718,-1.732518033895049,2.0,1.0,0.0,304.127,307.361,0.958500000000015
2,43,1.0,300.84,29.2629485221385,49.18726268071645,-1.732518033895049,3.0,2.0,0.0,299.17,303.1105,0.958500000000015
3,44,3.0,301.836,50.0619256549472,39.66243708854285,-1.732518033895049,1.0,2.0,0.0,300.84,300.005,0.958500000000015
4,45,2.0,303.363,39.9282003288832,39.751024835322966,5.3326259033723495,3.0,2.3333333333333335,0.0,301.836,300.61533333333335,1.3329999999999984
5,46,2.0,304.127,376.647248287993,155.54579142394115,163.29266131652292,2.0,2.0,0.5,303.363,302.013,1.2615000000000123
6,47,3.0,305.109,191.531330367777,202.70225966155104,75.8015650194469,2.0,2.3333333333333335,-0.5,304.127,303.1086666666667,1.1454999999999984
7,48,2.0,305.691,190.767683389188,252.98208734831937,-92.93978244940251,3.0,2.3333333333333335,0.5,305.109,304.19966666666664,0.8729999999999905
8,49,3.0,307.026,27.974769416393,136.75792772445266,-81.778280475692,2.0,2.3333333333333335,0.0,305.691,304.97566666666665,0.7819999999999822
9,50,3.0,307.789,448.651350466728,222.46460109076966,128.94183353877,3.0,2.6666666666666665,0.0,307.026,305.942,0.958500000000015
10,51,1.0,307.671,62.51428555649031,179.71346847987044,17.269758070048653,3.0,2.6666666666666665,0.5,307.789,306.8353333333334,1.0490000000000066
11,52,2.0,307.051,128.810546781018,213.32539426807875,-159.920401842855,1.0,2.3333333333333335,-1.0,307.671,307.49533333333335,0.3224999999999909
12,53,2.0,306.746,19.8348869110859,70.38657308286473,-21.339699322702202,2.0,2.0,-0.5,307.051,307.5036666666667,-0.3689999999999998
1,44,2.0,299.17,254.345936333201,74.32271684605195,-1.732518033895049,2.0,1.5,0.0,304.127,307.361,0.958500000000015
2,45,1.0,300.84,300.860302241484,160.34759457628496,-1.732518033895049,2.0,2.0,0.0,299.17,303.1105,0.958500000000015
3,46,3.0,301.836,254.236677475238,277.548489858361,-1.732518033895049,1.0,1.5,0.0,300.84,300.005,0.958500000000015
4,47,2.0,303.363,297.552147830231,284.21637584898434,-1.654077205626521,3.0,2.0,0.5,301.836,300.61533333333335,1.3329999999999984
5,48,3.0,304.127,72.5143483698263,208.10105789176507,-90.86116455270586,2.0,2.0,0.5,303.363,302.013,1.2615000000000123
6,49,1.0,305.109,326.499448252485,232.1886481508474,14.47365021112702,3.0,2.6666666666666665,0.0,304.127,303.1086666666667,1.1454999999999984
7,50,1.0,305.691,493.39247190856,297.46875617695713,210.43906176936687,1.0,2.0,-0.5,305.109,304.19966666666664,0.8729999999999905
8,51,3.0,307.026,59.8734115839978,293.255110581681,-133.31301833424362,1.0,1.6666666666666667,-1.0,305.691,304.97566666666665,0.7819999999999822
9,52,1.0,307.789,88.7338728971823,213.99991879658,-202.32929950568885,3.0,1.6666666666666667,1.0,307.026,305.942,0.958500000000015
10,53,1.0,307.671,94.9530616944299,81.18678205853666,17.539825055216053,1.0,1.6666666666666667,0.0,307.789,306.8353333333334,1.0490000000000066
11,54,2.0,307.051,267.010580889425,150.2325051603457,89.13835399612135,1.0,1.6666666666666667,-1.0,307.671,307.49533333333335,0.3224999999999909
12,55,3.0,306.746,64.8990620623457,142.28756821540017,-15.0269998160421,2.0,1.3333333333333333,0.5,307.051,307.5036666666667,-0.3689999999999998
1,43,3.0,299.17,254.345936333201,165.95482147588532,-1.732518033895049,2.0,1.5,0.0,304.127,307.361,0.958500000000015
2,44,1.0,300.84,93.7349178211323,79.31698994173897,-1.732518033895049,3.0,2.5,0.0,299.17,303.1105,0.958500000000015
3,45,3.0,301.836,254.345936333201,93.7349178211323,-1.732518033895049,1.0,2.0,0.0,300.84,300.005,0.958500000000015
4,46,1.0,303.363,387.051537264049,240.3932275425906,-1.732518033895049,3.0,2.3333333333333335,0.0,301.836,300.61533333333335,1.3329999999999984
5,47,3.0,304.127,218.463854922044,302.75769609304643,-1.732518033895049,1.0,1.6666666666666667,0.0,303.363,302.013,1.2615000000000123
6,48,3.0,305.109,66.2700441222097,223.92847876943424,-160.39074657091965,3.0,2.3333333333333335,0.0,304.127,303.1086666666667,1.1454999999999984
7,49,3.0,305.691,294.80672849708,193.18020918044454,38.17143678751799,3.0,2.3333333333333335,1.0,305.109,304.19966666666664,0.8729999999999905
8,50,3.0,307.026,270.968821950277,210.68186485652222,102.34938891403364,3.0,3.0,0.0,305.691,304.97566666666665,0.7819999999999822
9,51,3.0,307.789,75.8631917000974,213.8795807158181,-109.47176839849126,3.0,3.0,0.0,307.026,305.942,0.958500000000015
10,52,1.0,307.671,167.953384037614,171.59513256266277,-51.507718956331495,3.0,3.0,0.0,307.789,306.8353333333334,1.0490000000000066
11,53,3.0,307.051,343.936333889725,195.9176365424788,134.0365710948138,1.0,2.3333333333333335,-1.0,307.671,307.49533333333335,0.3224999999999909
12,54,1.0,306.746,241.072332389578,250.98735010563897,36.559474175982004,3.0,2.3333333333333335,0.0,307.051,307.5036666666667,-0.3689999999999998
1,53,1.0,299.17,254.345936333201,292.50433313965146,-1.732518033895049,2.0,2.0,0.0,304.127,307.361,0.958500000000015
2,54,1.0,300.84,70.9056395079169,155.98898594874743,-1.732518033895049,1.0,2.0,0.0,299.17,303.1105,0.958500000000015
3,55,2.0,301.836,98.8042024211735,84.85492096454517,-1.732518033895049,1.0,1.0,0.0,300.84,300.005,0.958500000000015
4,56,2.0,303.363,291.491825458157,153.73388912908243,110.29309297512005,2.0,1.3333333333333333,0.5,301.836,300.61533333333335,1.3329999999999984
5,57,3.0,304.127,399.680982811346,263.32567023022546,150.43839019508624,2.0,1.6666666666666667,0.5,303.363,302.013,1.2615000000000123
6,58,1.0,305.109,90.4902409861865,260.5543497518965,-100.50079223598523,3.0,2.3333333333333335,0.5,304.127,303.1086666666667,1.1454999999999984
7,59,2.0,305.691,266.302058136869,252.15776064480045,-66.6894623372385,1.0,2.0,-0.5,305.109,304.19966666666664,0.8729999999999905
8,60,3.0,307.026,202.298102637091,186.36346725338214,55.90393082545225,2.0,2.0,-0.5,305.691,304.97566666666665,0.7819999999999822
9,61,2.0,307.789,194.702770418205,221.10097706405497,-35.799643859331994,3.0,2.0,1.0,307.026,305.942,0.958500000000015
10,62,3.0,307.671,376.3285962863631,257.776489780553,87.01524682463605,2.0,2.3333333333333335,0.0,307.789,306.8353333333334,1.0490000000000066
11,63,1.0,307.051,450.791540904539,340.60763586970234,128.04438524316697,3.0,2.6666666666666665,0.0,307.671,307.49533333333335,0.3224999999999909
12,64,1.0,306.746,454.171334372628,427.0971571878433,38.921369043132444,1.0,2.0,-0.5,307.051,307.5036666666667,-0.3689999999999998
1,26,2.0,299.17,254.345936333201,452.48143763858343,-1.732518033895049,2.0,2.0,0.0,304.127,307.361,0.958500000000015
2,27,3.0,300.84,78.2433156050598,266.2073249888439,-1.732518033895049,2.0,1.5,0.0,299.17,303.1105,0.958500000000015
3,28,2.0,301.836,271.395935068398,174.81962533672888,-1.732518033895049,3.0,2.5,0.0,300.84,300.005,0.958500000000015
4,29,3.0,303.363,84.3206910690481,144.65331391416862,3.0386877319941448,2.0,2.3333333333333335,0.0,301.836,300.61533333333335,1.3329999999999984
5,30,1.0,304.127,374.533683360612,243.416769832686,51.56887414610699,3.0,2.6666666666666665,0.0,303.363,302.013,1.2615000000000123
6,31,2.0,305.109,383.604756012938,280.8197101475327,149.64203247194496,1.0,2.0,-0.5,304.127,303.1086666666667,1.1454999999999984
7,32,3.0,305.691,254.345936333201,379.069219686775,-1.732518033895049,2.0,2.0,-0.5,305.109,304.19966666666664,0.8729999999999905
8,33,2.0,307.026,72.4694445426714,228.03710027780468,-1.732518033895049,3.0,2.0,1.0,305.691,304.97566666666665,0.7819999999999822
9,34,3.0,307.789,83.4595394008992,77.96449197178526,-1.732518033895049,2.0,2.3333333333333335,0.0,307.026,305.942,0.958500000000015
10,35,3.0,307.671,362.817902907576,172.91562895038217,145.1742291824523,3.0,2.6666666666666665,0.0,307.789,306.8353333333334,1.0490000000000066
11,36,1.0,307.051,275.934977240322,240.73747318293238,96.23771891971137,3.0,2.6666666666666665,0.5,307.671,307.49533333333335,0.3224999999999909
12,37,3.0,306.746,98.9828812326986,245.91192046019884,-131.91751083743873,1.0,2.3333333333333335,-1.0,307.051,307.5036666666667,-0.3689999999999998
1,39,1.0,299.17,254.345936333201,187.45892923651024,-1.732518033895049,2.0,2.0,0.0,304.127,307.361,0.958500000000015
2,40,2.0,300.84,85.1421875268793,92.06253437978893,-1.732518033895049,1.0,1.0,0.0,299.17,303.1105,0.958500000000015
3,41,2.0,301.836,309.612575362977,197.37738144492812,-1.732518033895049,2.0,1.5,0.0,300.84,300.005,0.958500000000015
4,42,3.0,303.363,466.73795841697,287.16424043560875,190.79788544504535,2.0,1.6666666666666667,0.5,301.836,300.61533333333335,1.3329999999999984
5,43,1.0,304.127,462.02469677687503,412.7917435189406,76.20606070694902,3.0,2.3333333333333335,0.5,303.363,302.013,1.2615000000000123
6,44,2.0,305.109,292.381296481738,407.04798389186107,-87.178330967616,1.0,2.0,-0.5,304.127,303.1086666666667,1.1454999999999984
7,45,2.0,305.691,370.857675456114,375.08788957157566,-45.58351066038051,2.0,2.0,-0.5,305.109,304.19966666666664,0.8729999999999905
8,46,2.0,307.026,230.911291988025,298.0500879752923,-30.735002246856496,2.0,1.6666666666666667,0.5,305.691,304.97566666666665,0.7819999999999822
9,47,1.0,307.789,421.060062358508,340.9430099342157,25.10119345119699,2.0,2.0,0.0,307.026,305.942,0.958500000000015
10,48,3.0,307.671,436.2492174104431,362.7401905856587,102.66896271120906,1.0,1.6666666666666667,-0.5,307.789,306.8353333333334,1.0490000000000066
11,49,2.0,307.051,205.511324896364,354.2735348884383,-107.774368731072,3.0,2.0,0.5,307.671,307.49533333333335,0.3224999999999909
12,50,2.0,306.746,403.398189813026,348.38624403994436,-16.42551379870855,2.0,2.0,0.5,307.051,307.5036666666667,-0.3689999999999998
1,8,2.0,299.17,254.345936333201,304.45475735469495,-1.732518033895049,2.0,2.5,0.0,304.127,307.361,0.958500000000015
2,9,1.0,300.84,179.709537239321,291.55386352617353,-1.732518033895049,2.0,2.0,0.0,299.17,303.1105,0.958500000000015
3,10,1.0,301.836,231.586791036006,205.6481641376635,-1.732518033895049,1.0,1.5,0.0,300.84,300.005,0.958500000000015
4,11,2.0,303.363,79.0199399861019,163.43875608714296,-50.344798626609546,1.0,1.3333333333333333,-0.5,301.836,300.61533333333335,1.3329999999999984
5,12,1.0,304.127,215.273470257228,175.2934004264453,-8.156660389388989,2.0,1.3333333333333333,0.5,303.363,302.013,1.2615000000000123
1,9,1.0,299.17,254.345936333201,339.609644491209,-1.732518033895049,2.0,2.0,0.0,304.127,307.361,0.958500000000015
2,10,2.0,300.84,103.436983125197,240.458806810397,-1.732518033895049,1.0,1.0,0.0,299.17,303.1105,0.958500000000015
3,11,2.0,301.836,286.772155298682,195.1045692119395,-1.732518033895049,2.0,1.5,0.0,300.84,300.005,0.958500000000015
4,12,2.0,303.363,232.111529026534,207.440222483471,64.33727295066849,2.0,1.6666666666666667,0.5,301.836,300.61533333333335,1.3329999999999984
5,13,1.0,304.127,206.37389982891,241.75252805137532,-40.19912773488599,2.0,2.0,0.0,303.363,302.013,1.2615000000000123
6,14,2.0,305.109,99.1447839426829,179.21007093270896,-66.48337254192555,1.0,1.6666666666666667,-0.5,304.127,303.1086666666667,1.1454999999999984
7,15,1.0,305.691,192.921564977079,166.14674958289064,-6.726167425915505,2.0,1.6666666666666667,0.0,305.109,304.19966666666664,0.8729999999999905
8,16,2.0,307.026,210.279743838067,167.448697585943,55.56747994769204,1.0,1.3333333333333333,0.0,305.691,304.97566666666665,0.7819999999999822
1,59,1.0,299.17,254.345936333201,200.1203247679091,-1.732518033895049,2.0,1.0,0.0,304.127,307.361,0.958500000000015
2,60,1.0,300.84,126.709562712896,93.8613839426686,-1.732518033895049,1.0,1.0,0.0,299.17,303.1105,0.958500000000015
3,61,1.0,301.836,363.910796609273,245.3101796610845,-1.732518033895049,1.0,1.0,0.0,300.84,300.005,0.958500000000015
4,62,1.0,303.363,204.619929513043,231.74676294507069,38.955183400073494,1.0,1.0,0.0,301.836,300.61533333333335,1.3329999999999984
1,4,3.0,299.17,254.345936333201,168.70023200258498,-1.732518033895049,2.0,2.5,0.0,304.127,307.361,0.958500000000015
2,5,3.0,300.84,223.701999276305,182.526591639757,-1.732518033895049,3.0,2.5,0.0,299.17,303.1105,0.958500000000015
3,6,3.0,301.836,384.166839138283,303.934419207294,-1.732518033895049,3.0,3.0,0.0,300.84,300.005,0.958500000000015
4,7,2.0,303.363,248.841287142262,285.57004185228334,12.569643932978494,3.0,3.0,0.0,301.836,300.61533333333335,1.3329999999999984
5,8,3.0,304.127,218.354617189924,283.787581156823,-82.90611097417951,2.0,2.6666666666666665,-0.5,303.363,302.013,1.2615000000000123
6,9,1.0,305.109,275.400765183825,247.53222317200365,13.279739020781506,3.0,2.6666666666666665,0.0,304.127,303.1086666666667,1.1454999999999984
7,10,2.0,305.691,78.2844762956838,190.67995288981092,-70.03507044712009,1.0,2.0,-0.5,305.109,304.19966666666664,0.8729999999999905
8,11,1.0,307.026,267.588189328316,207.09114360260824,-3.906287927754505,2.0,2.0,-0.5,305.691,304.97566666666665,0.7819999999999822
9,12,1.0,307.789,19.0114315082587,121.6280323774195,-29.636522393712553,1.0,1.3333333333333333,0.0,307.026,305.942,0.958500000000015
10,13,2.0,307.671,292.493073001984,193.03089794618623,12.452441836833998,1.0,1.3333333333333333,-0.5,307.789,306.8353333333334,1.0490000000000066
11,14,3.0,307.051,329.195990292413,213.5668316008852,155.09227939207716,2.0,1.3333333333333333,0.5,307.671,307.49533333333335,0.3224999999999909
12,15,3.0,306.746,15.3879560426554,212.35900644568412,-138.5525584796643,3.0,2.0,1.0,307.051,307.5036666666667,-0.3689999999999998
1,28,2.0,299.17,254.345936333201,283.8749888733541,-1.732518033895049,2.0,1.0,0.0,304.127,307.361,0.958500000000015
2,29,3.0,300.84,142.961025569209,124.496314077295,-1.732518033895049,2.0,1.5,0.0,299.17,303.1105,0.958500000000015
3,30,1.0,301.836,147.657909746817,145.309467658013,-1.732518033895049,3.0,2.5,0.0,300.84,300.005,0.958500000000015
4,31,1.0,303.363,403.07652056947904,231.23181862850166,130.057747500135,1.0,2.0,-0.5,301.836,300.61533333333335,1.3329999999999984
1,19,2.0,299.17,254.345936333201,172.2919731675342,-1.732518033895049,2.0,2.5,0.0,304.127,307.361,0.958500000000015
2,20,2.0,300.84,335.867970527665,175.6279632851602,-1.732518033895049,2.0,2.5,0.0,299.17,303.1105,0.958500000000015
3,21,2.0,301.836,215.197557197116,275.53276386239054,-1.732518033895049,2.0,2.0,0.0,300.84,300.005,0.958500000000015
4,22,3.0,303.363,33.013323719777,194.69295048151935,-151.427323403944,2.0,2.0,0.0,301.836,300.61533333333335,1.3329999999999984
5,23,3.0,304.127,50.571347283312,99.594076066735,-82.313104956902,3.0,2.3333333333333335,0.5,303.363,302.013,1.2615000000000123
6,24,3.0,305.109,200.754850880569,94.779840627886,83.870763580396,3.0,2.6666666666666665,0.5,304.127,303.1086666666667,1.1454999999999984
7,25,1.0,305.691,362.33249354028,204.55289723472035,155.880573128484,3.0,3.0,0.0,305.109,304.19966666666664,0.8729999999999905
8,26,3.0,307.026,243.264697077559,268.78401383280266,21.254923098495,1.0,2.3333333333333335,-1.0,305.691,304.97566666666665,0.7819999999999822
1,6,1.0,299.17,254.345936333201,168.82582228827937,-1.732518033895049,2.0,1.0,0.0,304.127,307.361,0.958500000000015
2,7,2.0,300.84,46.8175130505463,174.63525450991116,-1.732518033895049,1.0,1.0,0.0,299.17,303.1105,0.958500000000015
3,8,3.0,301.836,347.317174249591,197.06734365006866,-1.732518033895049,2.0,1.5,0.0,300.84,300.005,0.958500000000015
4,9,2.0,303.363,411.360135660358,268.49827432016514,182.27131130490585,3.0,2.0,1.0,301.836,300.61533333333335,1.3329999999999984
5,10,2.0,304.127,143.351117242682,300.6761423842104,-101.9830285034545,2.0,2.3333333333333335,0.0,303.363,302.013,1.2615000000000123
6,11,3.0,305.109,54.87521593005071,203.19548961103024,-178.24245986515365,2.0,2.3333333333333335,-0.5,304.127,303.1086666666667,1.1454999999999984
7,12,3.0,305.691,475.616303372193,224.61421218164188,166.1325930647555,3.0,2.3333333333333335,0.5,305.109,304.19966666666664,0.8729999999999905
8,13,2.0,307.026,275.531464215396,268.6743278392132,110.32812414267265,3.0,2.6666666666666665,0.5,305.691,304.97566666666665,0.7819999999999822
9,14,3.0,307.789,405.21496245211,385.45424334656633,-35.20067046004149,2.0,2.6666666666666665,-0.5,307.026,305.942,0.958500000000015
10,15,2.0,307.671,426.105869267006,368.95076531150403,75.28720252580501,3.0,2.6666666666666665,0.0,307.789,306.8353333333334,1.0490000000000066
11,16,3.0,307.051,118.392626491605,316.57115273690704,-143.41116798025251,2.0,2.3333333333333335,0.0,307.671,307.49533333333335,0.3224999999999909
12,17,1.0,306.746,29.3191375705679,191.27254444305962,-198.39336584821905,3.0,2.6666666666666665,0.0,307.051,307.5036666666667,-0.3689999999999998
1,40,3.0,299.17,254.345936333201,73.85588203108642,-1.732518033895049,2.0,2.5,0.0,304.127,307.361,0.958500000000015
2,41,2.0,300.84,26.6335295070414,27.97633353880465,-1.732518033895049,3.0,3.0,0.0,299.17,303.1105,0.958500000000015
3,42,2.0,301.836,462.9541357345,244.7938326207707,-1.732518033895049,2.0,2.5,0.0,300.84,300.005,0.958500000000015
4,43,1.0,303.363,242.364966162157,243.9842104678995,107.8657183275578,2.0,2.3333333333333335,-0.5,301.836,300.61533333333335,1.3329999999999984
1,2,1.0,299.17,254.345936333201,357.0705626126135,-1.732518033895049,2.0,1.5,0.0,304.127,307.361,0.958500000000015
1,57,3.0,299.17,254.345936333201,155.38282933522459,-1.732518033895049,2.0,1.0,0.0,304.127,307.361,0.958500000000015
2,58,2.0,300.84,30.6256629218173,107.19526008289921,-1.732518033895049,3.0,2.0,0.0,299.17,303.1105,0.958500000000015
3,59,2.0,301.836,219.608835530573,125.11724922619521,-1.732518033895049,2.0,2.5,0.0,300.84,300.005,0.958500000000015
4,60,2.0,303.363,116.944405053881,122.3929678354238,43.15937106603185,2.0,2.3333333333333335,-0.5,301.836,300.61533333333335,1.3329999999999984
5,61,1.0,304.127,53.8113911330072,130.12154390582043,-82.8987221987829,2.0,2.0,0.0,303.363,302.013,1.2615000000000123
6,62,2.0,305.109,472.91869092279103,214.55816236989313,177.987142934455,1.0,1.6666666666666667,-0.5,304.127,303.1086666666667,1.1454999999999984
7,63,2.0,305.691,91.8466335851169,206.1922385469717,19.017621226054857,2.0,1.6666666666666667,0.0,305.109,304.19966666666664,0.8729999999999905
8,64,2.0,307.026,471.938569326212,345.5679646113733,-0.49006079828950533,2.0,1.6666666666666667,0.5,305.691,304.97566666666665,0.7819999999999822
9,65,3.0,307.789,261.217370398089,275.000857769806,84.68536840648603,2.0,2.0,0.0,307.026,305.942,0.958500000000015
10,66,1.0,307.671,118.038242444386,283.731394056229,-176.950163440913,3.0,2.3333333333333335,0.5,307.789,306.8353333333334,1.0490000000000066
11,67,2.0,307.051,181.561376991698,186.93899661139105,-39.82799670319548,1.0,2.0,-0.5,307.671,307.49533333333335,0.3224999999999909
12,68,3.0,306.746,443.055083632079,247.55156768938772,162.5084205938465,2.0,2.0,-0.5,307.051,307.5036666666667,-0.3689999999999998
1,60,2.0,299.17,254.345936333201,312.30823031188856,-1.732518033895049,2.0,1.5,0.0,304.127,307.361,0.958500000000015
2,61,3.0,300.84,351.050102846358,397.0525932392186,-1.732518033895049,2.0,2.0,0.0,299.17,303.1105,0.958500000000015
3,62,1.0,301.836,119.975880199964,235.51299152316108,-1.732518033895049,3.0,2.5,0.0,300.84,300.005,0.958500000000015
4,63,3.0,303.363,300.540568072435,257.18885037291903,-25.254767386961504,1.0,2.0,-0.5,301.836,300.61533333333335,1.3329999999999984
5,64,2.0,304.127,439.955822688886,286.8240903204284,159.989971244461,3.0,2.3333333333333335,0.0,303.363,302.013,1.2615000000000123
6,65,3.0,305.109,445.486559135799,395.3276499657067,72.47299553168199,2.0,2.0,0.5,304.127,303.1086666666667,1.1454999999999984
7,66,3.0,305.691,406.66287661519,430.7017528132917,-16.646473036847993,3.0,2.6666666666666665,0.0,305.109,304.19966666666664,0.8729999999999905
8,67,1.0,307.026,52.623512356591,301.59098270252673,-196.43152338960397,3.0,2.6666666666666665,0.5,305.691,304.97566666666665,0.7819999999999822
9,68,1.0,307.789,137.27935404256,198.85524767144705,-134.691761286315,1.0,2.3333333333333335,-1.0,307.026,305.942,0.958500000000015
10,69,3.0,307.671,49.7126457947475,79.87183739796622,-1.4554332809217492,1.0,1.6666666666666667,-1.0,307.789,306.8353333333334,1.0490000000000066
11,70,2.0,307.051,47.3041211502471,78.09870699585159,-44.987616446156444,3.0,1.6666666666666667,1.0,307.671,307.49533333333335,0.3224999999999909
12,71,2.0,306.746,245.487422890058,114.16806327835093,97.88738854765525,2.0,2.0,0.5,307.051,307.5036666666667,-0.3689999999999998
1,29,2.0,299.17,254.345936333201,146.39577202015263,-1.732518033895049,2.0,2.5,0.0,304.127,307.361,0.958500000000015
2,30,2.0,300.84,140.843852383016,193.1656376365371,-1.732518033895049,2.0,2.0,0.0,299.17,303.1105,0.958500000000015
3,31,3.0,301.836,332.641398982629,236.74262568282262,-1.732518033895049,2.0,2.0,0.0,300.84,300.005,0.958500000000015
4,32,2.0,303.363,357.097858590367,276.8610366520041,108.1270031036755,3.0,2.3333333333333335,0.5,301.836,300.61533333333335,1.3329999999999984
5,33,3.0,304.127,343.268978162547,344.3360785785144,5.313789589958986,2.0,2.3333333333333335,0.0,303.363,302.013,1.2615000000000123
6,34,3.0,305.109,87.7165015936061,262.69444611550676,-134.69067849838046,3.0,2.6666666666666665,0.0,304.127,303.1086666666667,1.1454999999999984
7,35,2.0,305.691,24.331168686934,151.77221614769576,-159.4689047378065,3.0,2.6666666666666665,0.5,305.109,304.19966666666664,0.8729999999999905
8,36,1.0,307.026,174.20823858698,95.41863628917342,43.24586849668695,2.0,2.6666666666666665,-0.5,305.691,304.97566666666665,0.7819999999999822
9,37,2.0,307.789,410.80384181834,203.11441636408472,193.236336565703,1.0,2.0,-1.0,307.026,305.942,0.958500000000015
10,38,2.0,307.671,13.1290771412485,199.38038584885624,-80.53958072286575,2.0,1.6666666666666667,0.0,307.789,306.8353333333334,1.0490000000000066
11,39,1.0,307.051,490.781227233438,304.9047153976756,39.988692707549006,2.0,1.6666666666666667,0.5,307.671,307.49533333333335,0.3224999999999909
12,40,2.0,306.746,320.66279451881,274.8576996311656,153.76685868878076,1.0,1.6666666666666667,-0.5,307.051,307.5036666666667,-0.3689999999999998
1,46,2.0,299.17,254.345936333201,405.72201087612416,-1.732518033895049,2.0,1.5,0.0,304.127,307.361,0.958500000000015
2,47,1.0,300.84,481.866081890907,401.2644382048586,-1.732518033895049,2.0,1.5,0.0,299.17,303.1105,0.958500000000015
3,48,1.0,301.836,466.69377169990895,474.2799267954081,-1.732518033895049,1.0,1.5,0.0,300.84,300.005,0.958500000000015
4,49,3.0,303.363,347.064003927399,431.8746191727384,-67.401038981754,1.0,1.3333333333333333,-0.5,301.836,300.61533333333335,1.3329999999999984
5,50,1.0,304.127,357.004323436188,390.2540330211654,-54.84472413186049,3.0,1.6666666666666667,1.0,303.363,302.013,1.2615000000000123
1,51,2.0,299.17,254.345936333201,278.0343210545471,-1.732518033895049,2.0,2.0,0.0,304.127,307.361,0.958500000000015
2,52,3.0,300.84,498.591005077278,443.0453199015486,-1.732518033895049,2.0,2.5,0.0,299.17,303.1105,0.958500000000015
3,53,2.0,301.836,90.1756723839179,294.38333873059804,-1.732518033895049,3.0,2.5,0.0,300.84,300.005,0.958500000000015
4,54,1.0,303.363,118.177110266493,235.647929242563,-190.2069474053925,2.0,2.3333333333333335,0.0,301.836,300.61533333333335,1.3329999999999984
5,55,1.0,304.127,330.710494997756,179.6877592160557,120.26741130691902,1.0,2.0,-1.0,303.363,302.013,1.2615000000000123
6,56,2.0,305.109,84.0183669726411,177.6353240789634,-17.07937164692595,1.0,1.3333333333333333,-0.5,304.127,303.1086666666667,1.1454999999999984
7,57,3.0,305.691,215.6663852938,210.13174908806573,-57.52205485197798,2.0,1.3333333333333333,0.5,305.109,304.19966666666664,0.8729999999999905
8,58,2.0,307.026,144.365449150848,148.0167338057631,30.173541089103452,3.0,2.0,1.0,305.691,304.97566666666665,0.7819999999999822
9,59,2.0,307.789,448.108609802776,269.38014808247476,116.221112254488,2.0,2.3333333333333335,0.0,307.026,305.942,0.958500000000015
10,60,3.0,307.671,25.2557006134106,205.90991985567828,-59.5548742687187,2.0,2.3333333333333335,-0.5,307.789,306.8353333333334,1.0490000000000066
11,61,3.0,307.051,433.535542421422,302.2999509458696,-7.286533690677003,3.0,2.3333333333333335,0.5,307.671,307.49533333333335,0.3224999999999909
12,62,1.0,306.746,100.907502694529,186.56624857645394,37.8259010405592,3.0,2.6666666666666665,0.5,307.051,307.5036666666667,-0.3689999999999998
1,25,1.0,299.17,254.345936333201,267.2215225579756,-1.732518033895049,2.0,3.0,0.0,304.127,307.361,0.958500000000015
1,22,2.0,299.17,254.345936333201,105.24170971662883,-1.732518033895049,2.0,1.0,0.0,304.127,307.361,0.958500000000015
2,23,3.0,300.84,241.385313329355,205.36257056123048,-1.732518033895049,2.0,1.5,0.0,299.17,303.1105,0.958500000000015
3,24,2.0,301.836,382.78467382228,312.0849935758175,-1.732518033895049,3.0,2.5,0.0,300.84,300.005,0.958500000000015
4,25,1.0,303.363,251.959842218551,292.0432764567287,5.287264444597994,2.0,2.3333333333333335,0.0,301.836,300.61533333333335,1.3329999999999984
1,28,2.0,299.17,254.345936333201,109.00795359712272,-1.732518033895049,2.0,2.5,0.0,304.127,307.361,0.958500000000015
2,29,2.0,300.84,350.541124202006,276.4314834206411,-1.732518033895049,2.0,2.5,0.0,299.17,303.1105,0.958500000000015
3,30,3.0,301.836,29.413224420695,189.97717431135055,-1.732518033895049,2.0,2.0,0.0,300.84,300.005,0.958500000000015
4,31,3.0,303.363,128.602057772638,169.51880213177972,-110.969533214684,3.0,2.3333333333333335,0.5,301.836,300.61533333333335,1.3329999999999984
5,32,1.0,304.127,254.455195191164,137.49015912816571,112.5209853852345,3.0,2.6666666666666665,0.5,303.363,302.013,1.2615000000000123
6,33,2.0,305.109,284.227854908588,222.4283692907967,77.81289856797498,1.0,2.3333333333333335,-1.0,304.127,303.1086666666667,1.1454999999999984
7,34,1.0,305.691,263.678705258509,267.4539184527537,4.611755033672509,2.0,2.0,-0.5,305.109,304.19966666666664,0.8729999999999905
8,35,3.0,307.026,26.2695233077696,191.39202782495556,-128.9791658004092,1.0,1.3333333333333333,0.0,305.691,304.97566666666665,0.7819999999999822
9,36,1.0,307.789,75.0307194810996,121.6596493491261,-94.32399288870471,3.0,2.0,0.5,307.026,305.942,0.958500000000015
10,37,2.0,307.671,402.287482563451,167.86257511744012,188.00897962784072,1.0,1.6666666666666667,0.0,307.789,306.8353333333334,1.0490000000000066
11,38,2.0,307.051,61.238241763856095,179.51881460280228,-6.89623885862175,2.0,2.0,-0.5,307.671,307.49533333333335,0.3224999999999909
12,39,1.0,306.746,25.4772109645646,163.00097843062395,-188.4051357994432,2.0,1.6666666666666667,0.5,307.051,307.5036666666667,-0.3689999999999998
1,48,1.0,299.17,254.345936333201,43.35772636421041,-1.732518033895049,2.0,2.0,0.0,304.127,307.361,0.958500000000015
2,49,2.0,300.84,359.90259674489,192.68990385472736,-1.732518033895049,1.0,1.5,0.0,299.17,303.1105,0.958500000000015
3,50,3.0,301.836,409.264305735791,384.58345124034054,-1.732518033895049,2.0,1.5,0.0,300.84,300.005,0.958500000000015
4,51,3.0,303.363,278.320264315331,349.16238893200403,-40.79116621477951,3.0,2.0,1.0,301.836,300.61533333333335,1.3329999999999984
5,52,3.0,304.127,325.353070646297,337.6458802324731,-41.955617544747014,3.0,2.6666666666666665,0.5,303.363,302.013,1.2615000000000123
6,53,1.0,305.109,49.9986911949889,217.890675385539,-114.16078656017103,3.0,3.0,0.0,304.127,303.1086666666667,1.1454999999999984
7,54,1.0,305.691,88.1768932554623,154.5095516989161,-118.58808869541735,1.0,2.3333333333333335,-1.0,305.109,304.19966666666664,0.8729999999999905
8,55,3.0,307.026,488.173975351374,208.78318660060845,219.08764207819254,1.0,1.6666666666666667,-1.0,305.691,304.97566666666665,0.7819999999999822
9,56,1.0,307.789,396.95226849981503,324.43437903555053,154.38768762217637,3.0,1.6666666666666667,1.0,307.026,305.942,0.958500000000015
10,57,1.0,307.671,282.128139959439,389.08479460354266,-103.0229176959675,1.0,1.6666666666666667,0.0,307.789,306.8353333333334,1.0490000000000066
11,58,3.0,307.051,498.203618867804,392.42800910901934,50.625675183994474,1.0,1.6666666666666667,-1.0,307.671,307.49533333333335,0.3224999999999909
12,59,2.0,306.746,107.775800955281,296.03585326084135,-87.176169502079,3.0,1.6666666666666667,1.0,307.051,307.5036666666667,-0.3689999999999998
1,55,1.0,299.17,254.345936333201,302.98970991154255,-1.732518033895049,2.0,2.0,0.0,304.127,307.361,0.958500000000015
2,56,2.0,300.84,435.453527650107,271.61466430269405,-1.732518033895049,1.0,2.0,0.0,299.17,303.1105,0.958500000000015
3,57,1.0,301.836,218.491733879557,326.97263076483205,-1.732518033895049,2.0,1.5,0.0,300.84,300.005,0.958500000000015
4,58,3.0,303.363,493.948286230668,382.63118258677736,29.24737929028049,1.0,1.3333333333333333,0.0,301.836,300.61533333333335,1.3329999999999984
5,59,1.0,304.127,293.550950200473,335.3303234368994,37.529608160458,3.0,2.0,0.5,303.363,302.013,1.2615000000000123
6,60,2.0,305.109,248.467781298104,345.3223392430817,-122.74025246628197,1.0,1.6666666666666667,0.0,304.127,303.1086666666667,1.1454999999999984
7,61,2.0,305.691,216.643254167993,252.8873285555234,-38.45384801623999,2.0,2.0,-0.5,305.109,304.19966666666664,0.8729999999999905
8,62,2.0,307.026,457.058039352179,307.3896916060921,104.29512902703749,2.0,1.6666666666666667,0.5,305.691,304.97566666666665,0.7819999999999822
9,63,1.0,307.789,319.464507845335,331.0552671218357,51.410626838670986,2.0,2.0,0.0,307.026,305.942,0.958500000000015
10,64,1.0,307.671,360.754232694223,379.09225996391234,-48.151903328977994,1.0,1.6666666666666667,-0.5,307.789,306.8353333333334,1.0490000000000066
11,65,2.0,307.051,126.3962292127,268.87165658408605,-96.53413931631749,1.0,1.3333333333333333,-0.5,307.671,307.49533333333335,0.3224999999999909
12,66,3.0,306.746,428.648695751094,305.2663858860057,33.94723152843551,2.0,1.3333333333333333,0.5,307.051,307.5036666666667,-0.3689999999999998
1,39,3.0,299.17,254.345936333201,277.52246248189704,-1.732518033895049,2.0,1.5,0.0,304.127,307.361,0.958500000000015
2,40,1.0,300.84,186.024351005885,307.3365233784896,-1.732518033895049,3.0,2.5,0.0,299.17,303.1105,0.958500000000015
3,41,2.0,301.836,201.629952959363,193.82715198262406,-1.732518033895049,1.0,2.0,0.0,300.84,300.005,0.958500000000015
4,42,1.0,303.363,331.800965625233,239.818423196827,72.888307309674,2.0,2.0,-0.5,301.836,300.61533333333335,1.3329999999999984
5,43,3.0,304.127,74.1280937519914,202.51967077886252,-63.750929603685805,1.0,1.3333333333333333,0.0,303.363,302.013,1.2615000000000123
6,44,2.0,305.109,125.664727039767,177.19792880566385,-103.06811929273299,3.0,2.0,0.5,304.127,303.1086666666667,1.1454999999999984
7,45,1.0,305.691,264.689234792449,154.8273518614025,95.28057052022879,2.0,2.0,0.5,305.109,304.19966666666664,0.8729999999999905
8,46,1.0,307.026,221.134886594285,203.82961614216705,47.735079777259,1.0,2.0,-1.0,305.691,304.97566666666665,0.7819999999999822
9,47,1.0,307.789,356.320836273868,280.7149858868674,45.815800740709506,1.0,1.3333333333333333,-0.5,307.026,305.942,0.958500000000015
10,48,2.0,307.671,27.9689991974361,201.8082406885297,-96.58294369842446,1.0,1.0,0.0,307.789,306.8353333333334,1.0490000000000066
11,49,1.0,307.051,242.569129117409,208.95298819623773,-56.875853578229496,2.0,1.3333333333333333,0.5,307.671,307.49533333333335,0.3224999999999909
12,50,3.0,306.746,296.823638554409,189.12058895641803,134.42731967848647,1.0,1.3333333333333333,0.0,307.051,307.5036666666667,-0.3689999999999998
1,28,2.0,299.17,254.345936333201,269.696383835909,-1.732518033895049,2.0,1.5,0.0,304.127,307.361,0.958500000000015
1,6,3.0,299.17,254.345936333201,180.7252726176016,-1.732518033895049,2.0,2.0,0.0,304.127,307.361,0.958500000000015
2,7,1.0,300.84,339.98189232921,182.33447568341109,-1.732518033895049,3.0,2.5,0.0,299.17,303.1105,0.958500000000015
3,8,2.0,301.836,339.575037930312,339.778465129761,-1.732518033895049,1.0,2.0,0.0,300.84,300.005,0.958500000000015
4,9,3.0,303.363,96.8033968292191,258.78677569624705,-121.58924774999545,2.0,2.0,-0.5,301.836,300.61533333333335,1.3329999999999984
5,10,3.0,304.127,472.860967542271,303.0798007672674,66.64296480597949,3.0,2.0,1.0,303.363,302.013,1.2615000000000123
6,11,3.0,305.109,312.745147698595,294.13650402336174,107.97087543468797,3.0,2.6666666666666665,0.5,304.127,303.1086666666667,1.1454999999999984
7,12,3.0,305.691,24.8896592514501,270.16525816410535,-223.98565414541042,3.0,3.0,0.0,305.109,304.19966666666664,0.8729999999999905
8,13,1.0,307.026,341.491559030851,226.37545532696538,14.373205666128001,3.0,3.0,0.0,305.691,304.97566666666665,0.7819999999999822
9,14,3.0,307.789,202.993558770538,189.7915923509464,89.05194975954394,1.0,2.3333333333333335,-1.0,307.026,305.942,0.958500000000015
1,30,3.0,299.17,254.345936333201,462.7422704668509,-1.732518033895049,2.0,2.0,0.0,304.127,307.361,0.958500000000015
2,31,1.0,300.84,440.47262503766,438.5709078514585,-1.732518033895049,3.0,2.5,0.0,299.17,303.1105,0.958500000000015
3,32,3.0,301.836,337.120758926157,388.7966919819085,-1.732518033895049,1.0,2.0,0.0,300.84,300.005,0.958500000000015
4,33,3.0,303.363,400.928687940731,392.84069063484935,-19.771968548464514,3.0,2.3333333333333335,0.0,301.836,300.61533333333335,1.3329999999999984
1,11,2.0,299.17,254.345936333201,309.620040150793,-1.732518033895049,2.0,1.5,0.0,304.127,307.361,0.958500000000015
1,51,2.0,299.17,254.345936333201,466.060290042446,-1.732518033895049,2.0,2.0,0.0,304.127,307.361,0.958500000000015
2,52,1.0,300.84,135.820518183049,301.84708565887547,-1.732518033895049,2.0,1.5,0.0,299.17,303.1105,0.958500000000015
3,53,3.0,301.836,403.482689938005,269.651604060527,-1.732518033895049,1.0,1.5,0.0,300.84,300.005,0.958500000000015
4,54,1.0,303.363,309.06355382235,282.7889206478014,86.6215178196505,3.0,2.0,0.5,301.836,300.61533333333335,1.3329999999999984
5,55,3.0,304.127,212.639059747422,308.395101169259,-95.4218150952915,1.0,1.6666666666666667,0.0,303.363,302.013,1.2615000000000123
6,56,2.0,305.109,343.747748442842,288.4834540042047,17.342097310246004,3.0,2.3333333333333335,0.0,304.127,303.1086666666667,1.1454999999999984
7,57,3.0,305.691,357.432668243992,304.606492144752,72.396804248285,2.0,2.0,0.5,305.109,304.19966666666664,0.8729999999999905
8,58,1.0,307.026,135.715764013668,278.96539356683405,-104.015992214587,3.0,2.6666666666666665,0.0,305.691,304.97566666666665,0.7819999999999822
1,56,2.0,299.17,254.345936333201,374.02547945621103,-1.732518033895049,2.0,3.0,0.0,304.127,307.361,0.958500000000015
2,57,1.0,300.84,211.403950205285,327.3325586230025,-1.732518033895049,2.0,2.5,0.0,299.17,303.1105,0.958500000000015
3,58,2.0,301.836,183.176475858332,197.2902130318085,-1.732518033895049,1.0,1.5,0.0,300.84,300.005,0.958500000000015
4,59,3.0,303.363,144.654957418587,179.74512782740135,-33.374496393349006,2.0,1.6666666666666667,0.0,301.836,300.61533333333335,1.3329999999999984
5,60,3.0,304.127,337.099450652821,221.64362797658,76.96148739724451,3.0,2.0,1.0,303.363,302.013,1.2615000000000123
6,61,2.0,305.109,231.366162581242,237.70685688421668,43.3556025813275,3.0,2.6666666666666665,0.5,304.127,303.1086666666667,1.1454999999999984
7,62,1.0,305.691,371.06813502264896,313.17791608557064,16.98434218491397,2.0,2.6666666666666665,-0.5,305.109,304.19966666666664,0.8729999999999905
8,63,1.0,307.026,56.9001322048793,219.77814326959006,-87.23301518818135,1.0,2.0,-1.0,305.691,304.97566666666665,0.7819999999999822
9,64,3.0,307.789,307.476077683503,245.14811497034376,-31.796028669572987,1.0,1.3333333333333333,-0.5,307.026,305.942,0.958500000000015
10,65,3.0,307.671,201.543937993702,188.6400492940281,72.32190289441135,3.0,1.6666666666666667,1.0,307.789,306.8353333333334,1.0490000000000066
11,66,1.0,307.051,494.0149049052951,334.34497352750003,93.26941361089607,3.0,2.3333333333333335,1.0,307.671,307.49533333333335,0.3224999999999909
12,67,2.0,306.746,208.116196371103,301.22501309003337,3.286129188700499,1.0,2.3333333333333335,-1.0,307.051,307.5036666666667,-0.3689999999999998
1,54,1.0,299.17,254.345936333201,247.48870837051308,-1.732518033895049,2.0,2.0,0.0,304.127,307.361,0.958500000000015
2,55,2.0,300.84,101.419328854158,253.699157420361,-1.732518033895049,1.0,2.0,0.0,299.17,303.1105,0.958500000000015
3,56,3.0,301.836,405.64567603039103,253.5325024422745,-1.732518033895049,2.0,1.5,0.0,300.84,300.005,0.958500000000015
4,57,1.0,303.363,63.9254430185616,190.33014930103687,-18.7469429177982,3.0,2.0,1.0,301.836,300.61533333333335,1.3329999999999984
1,27,3.0,299.17,254.345936333201,351.06555063819906,-1.732518033895049,2.0,2.0,0.0,304.127,307.361,0.958500000000015
2,28,2.0,300.84,61.0137281982415,134.56496228467225,-1.732518033895049,3.0,2.0,0.0,299.17,303.1105,0.958500000000015
3,29,1.0,301.836,144.338726614305,102.67622740627324,-1.732518033895049,2.0,2.5,0.0,300.84,300.005,0.958500000000015
4,30,2.0,303.363,448.153528585418,217.83532779932148,193.56990019358824,1.0,2.0,-1.0,301.836,300.61533333333335,1.3329999999999984
5,31,3.0,304.127,121.061637091224,237.85129743031564,-11.638544761540494,2.0,1.6666666666666667,0.0,303.363,302.013,1.2615000000000123
6,32,2.0,305.109,264.339297545053,277.851487740565,-91.90711552018249,3.0,2.0,1.0,304.127,303.1086666666667,1.1454999999999984
7,33,1.0,305.691,124.518920136112,169.97328492412967,1.7286415224440006,2.0,2.3333333333333335,0.0,305.109,304.19966666666664,0.8729999999999905
8,34,2.0,307.026,328.929910833125,239.26270950476336,32.295306644036,1.0,2.0,-1.0,305.691,304.97566666666665,0.7819999999999822
9,35,3.0,307.789,173.170937398517,208.8732561225847,24.326008631202498,2.0,1.6666666666666667,0.0,307.026,305.942,0.958500000000015
10,36,1.0,307.671,334.301203026196,278.80068375261266,2.6856460965354927,3.0,2.0,1.0,307.789,306.8353333333334,1.0490000000000066
11,37,2.0,307.051,237.950750019022,248.47429681457834,32.3899063102525,1.0,2.0,-0.5,307.671,307.49533333333335,0.3224999999999909
12,38,3.0,306.746,479.236389407636,350.4961141509513,72.46759319072001,2.0,2.0,-0.5,307.051,307.5036666666667,-0.3689999999999998
1,38,2.0,299.17,254.345936333201,358.593569713329,-1.732518033895049,2.0,1.5,0.0,304.127,307.361,0.958500000000015
2,39,1.0,300.84,230.681758766511,354.95907408707353,-1.732518033895049,2.0,2.0,0.0,299.17,303.1105,0.958500000000015
3,40,1.0,301.836,335.806744998737,283.244251882624,-1.732518033895049,1.0,1.5,0.0,300.84,300.005,0.958500000000015
4,41,1.0,303.363,124.974620109172,230.48770795814002,-52.853569328669494,1.0,1.3333333333333333,-0.5,301.836,300.61533333333335,1.3329999999999984
5,42,1.0,304.127,496.316916057604,319.03276038850436,80.2550855294335,1.0,1.0,0.0,303.363,302.013,1.2615000000000123
6,43,1.0,305.109,422.596314244446,347.9626168037407,148.81084706763698,1.0,1.0,0.0,304.127,303.1086666666667,1.1454999999999984
7,44,3.0,305.691,53.670971736848095,324.194734012966,-221.32297216037793,1.0,1.0,0.0,305.109,304.19966666666664,0.8729999999999905
8,45,1.0,307.026,414.773138823739,297.01347493501106,-3.9115877103535013,3.0,1.6666666666666667,1.0,305.691,304.97566666666665,0.7819999999999822
9,46,3.0,307.789,27.7185864571334,165.38756567257352,-12.976192639857345,1.0,1.6666666666666667,0.0,307.026,305.942,0.958500000000015
10,47,3.0,307.671,186.466839661044,209.6528549806388,-114.15314958134749,3.0,2.3333333333333335,0.0,307.789,306.8353333333334,1.0490000000000066
11,48,1.0,307.051,281.363097949064,165.18284135574714,126.8222557459653,3.0,2.3333333333333335,1.0,307.671,307.49533333333335,0.3224999999999909
12,49,1.0,306.746,229.129244847369,232.31972748582567,21.3312025931625,1.0,2.3333333333333335,-1.0,307.051,307.5036666666667,-0.3689999999999998
1,0,1.0,299.17,254.345936333201,255.24617139821652,-1.732518033895049,2.0,2.0,0.0,304.127,307.361,0.958500000000015
2,1,1.0,300.84,427.198229295097,328.163737071233,-1.732518033895049,1.0,1.0,0.0,299.17,303.1105,0.958500000000015
3,2,1.0,301.836,67.0195349638833,247.10888212949015,-1.732518033895049,1.0,1.0,0.0,300.84,300.005,0.958500000000015
4,3,3.0,303.363,440.207417018084,311.4750604256881,6.504593861493504,1.0,1.0,0.0,301.836,300.61533333333335,1.3329999999999984
5,4,1.0,304.127,397.11491379046,301.44728859080914,165.04768941328834,3.0,1.6666666666666667,1.0,303.363,302.013,1.2615000000000123
6,5,3.0,305.109,207.460287594929,348.26087280115763,-116.3735647115775,1.0,1.6666666666666667,0.0,304.127,303.1086666666667,1.1454999999999984
7,6,3.0,305.691,179.588866003515,261.38802246296797,-108.76302389347249,3.0,2.3333333333333335,0.0,305.109,304.19966666666664,0.8729999999999905
8,7,2.0,307.026,413.01547618083697,266.68820992642696,102.77759429295396,3.0,2.3333333333333335,1.0,305.691,304.97566666666665,0.7819999999999822
9,8,1.0,307.789,462.151023351563,351.58512184530497,141.281078674024,2.0,2.6666666666666665,-0.5,307.026,305.942,0.958500000000015
10,9,1.0,307.671,384.756802442468,419.9744339916227,-14.129336869184499,1.0,2.0,-1.0,307.789,306.8353333333334,1.0490000000000066
11,10,3.0,307.051,205.344883608433,350.75090313415467,-128.403069871565,1.0,1.3333333333333333,-0.5,307.671,307.49533333333335,0.3224999999999909
12,11,1.0,306.746,43.4044315988919,211.16870588326432,-170.67618542178803,3.0,1.6666666666666667,1.0,307.051,307.5036666666667,-0.3689999999999998
1,47,3.0,299.17,254.345936333201,124.37465760366248,-1.732518033895049,2.0,2.0,0.0,304.127,307.361,0.958500000000015
2,48,3.0,300.84,221.923960381765,132.6641959903285,-1.732518033895049,3.0,3.0,0.0,299.17,303.1105,0.958500000000015
3,49,2.0,301.836,225.360727430126,223.64234390594552,-1.732518033895049,3.0,3.0,0.0,300.84,300.005,0.958500000000015
4,50,2.0,303.363,115.858709429704,187.71446574719835,-53.03262547603049,2.0,2.6666666666666665,-0.5,301.836,300.61533333333335,1.3329999999999984
5,51,3.0,304.127,84.4921780330376,141.90387163095588,-70.43427469854419,2.0,2.3333333333333335,-0.5,303.363,302.013,1.2615000000000123
6,52,1.0,305.109,235.302207646967,145.21769836990288,59.72174910863149,3.0,2.3333333333333335,0.5,304.127,303.1086666666667,1.1454999999999984
7,53,3.0,305.691,38.3124748882197,119.36895352274145,-23.089851572408953,1.0,2.0,-0.5,305.109,304.19966666666664,0.8729999999999905
8,54,2.0,307.026,127.198251065804,133.60431120033024,-54.051978290581495,3.0,2.3333333333333335,0.0,305.691,304.97566666666665,0.7819999999999822
9,55,3.0,307.789,158.604822308122,108.03851608738192,60.14617370995116,2.0,2.0,0.5,307.026,305.942,0.958500000000015
10,56,2.0,307.671,40.5229810837307,108.7753514858856,-43.33763499103665,3.0,2.6666666666666665,0.0,307.789,306.8353333333334,1.0490000000000066
11,57,3.0,307.051,408.845432057949,202.6577451499339,125.12030487491349,2.0,2.3333333333333335,0.0,307.671,307.49533333333335,0.3224999999999909
12,58,1.0,306.746,315.708959782903,255.0257909748609,137.59298934958613,3.0,2.6666666666666665,0.0,307.051,307.5036666666667,-0.3689999999999998
1,6,1.0,299.17,254.345936333201,362.27719592042604,-1.732518033895049,2.0,2.5,0.0,304.127,307.361,0.958500000000015
2,7,1.0,300.84,105.365030792175,210.536995287539,-1.732518033895049,1.0,2.0,0.0,299.17,303.1105,0.958500000000015
3,8,3.0,301.836,415.493568827768,260.42929980997155,-1.732518033895049,1.0,1.0,0.0,300.84,300.005,0.958500000000015
4,9,2.0,303.363,15.4053195700371,178.7546397299934,-44.97985561106895,3.0,1.6666666666666667,1.0,301.836,300.61533333333335,1.3329999999999984
5,10,1.0,304.127,19.4042156432978,150.10103468036766,-198.04467659223513,2.0,2.0,0.5,303.363,302.013,1.2615000000000123
6,11,1.0,305.109,77.1837558072095,37.33109700684815,30.889218118586196,1.0,2.0,-1.0,304.127,303.1086666666667,1.1454999999999984
7,12,2.0,305.691,15.9391795755077,37.50905034200502,-1.732518033895049,1.0,1.3333333333333333,-0.5,305.109,304.19966666666664,0.8729999999999905
8,13,3.0,307.026,402.753184822665,165.29204006846075,162.78471450772776,2.0,1.3333333333333333,0.5,305.691,304.97566666666665,0.7819999999999822
9,14,2.0,307.789,63.7707373519767,160.8210339167165,23.9157788882345,3.0,2.0,1.0,307.026,305.942,0.958500000000015
10,15,1.0,307.671,423.734970542412,296.7529642390179,10.490892859873497,2.0,2.3333333333333335,0.0,307.789,306.8353333333334,1.0490000000000066
11,16,2.0,307.051,83.5238457000523,190.34318453148035,9.876554174037807,1.0,2.0,-1.0,307.671,307.49533333333335,0.3224999999999909
12,17,3.0,306.746,243.248883390696,250.16923321105344,-90.243043575858,2.0,1.6666666666666667,0.0,307.051,307.5036666666667,-0.3689999999999998
1,14,3.0,299.17,254.345936333201,163.38636454537416,-1.732518033895049,2.0,1.5,0.0,304.127,307.361,0.958500000000015
2,15,1.0,300.84,478.11399638692495,360.68143988881053,-1.732518033895049,3.0,2.5,0.0,299.17,303.1105,0.958500000000015
3,16,2.0,301.836,347.186005982406,412.65000118466554,-1.732518033895049,1.0,2.0,0.0,300.84,300.005,0.958500000000015
4,17,3.0,303.363,422.027073918702,415.775692096011,-28.043461234111476,2.0,2.0,-0.5,301.836,300.61533333333335,1.3329999999999984
5,18,3.0,304.127,236.12395766612,335.1123458557427,-55.53102415814301,3.0,2.0,1.0,303.363,302.013,1.2615000000000123
6,19,2.0,305.109,448.607692946203,368.91957484367504,13.290309513750485,3.0,2.6666666666666665,0.5,304.127,303.1086666666667,1.1454999999999984
7,20,1.0,305.691,42.6594998747381,242.46371682902043,-96.73222889569095,2.0,2.6666666666666665,-0.5,305.109,304.19966666666664,0.8729999999999905
8,21,3.0,307.026,371.342546673528,287.53657983148975,-38.6325731363375,1.0,2.0,-1.0,305.691,304.97566666666665,0.7819999999999822
9,22,1.0,307.789,30.4197212951683,148.14058928114483,-6.119889289784901,3.0,2.0,0.5,307.026,305.942,0.958500000000015
1,18,1.0,299.17,254.345936333201,330.88943766637806,-1.732518033895049,2.0,2.5,0.0,304.127,307.361,0.958500000000015
2,19,3.0,300.84,334.071599424503,258.5823947952571,-1.732518033895049,1.0,2.0,0.0,299.17,303.1105,0.958500000000015
3,20,3.0,301.836,58.21386835956471,196.1427338920339,-1.732518033895049,3.0,2.0,0.0,300.84,300.005,0.958500000000015
4,21,1.0,303.363,139.872749879252,177.38607255443995,-97.0994247726255,3.0,2.3333333333333335,1.0,301.836,300.61533333333335,1.3329999999999984
5,22,1.0,304.127,484.2514170740649,227.44601177096058,213.01877435725007,1.0,2.3333333333333335,-1.0,303.363,302.013,1.2615000000000123
6,23,2.0,305.109,316.085148738589,313.4031052306354,88.1061994296685,1.0,1.6666666666666667,-1.0,304.127,303.1086666666667,1.1454999999999984
7,24,1.0,305.691,69.4793448981092,289.93863690358774,-207.38603608797783,2.0,1.3333333333333333,0.5,305.109,304.19966666666664,0.8729999999999905
1,41,2.0,299.17,254.345936333201,340.73891842113454,-1.732518033895049,2.0,2.0,0.0,304.127,307.361,0.958500000000015
2,42,2.0,300.84,175.751077937304,276.15346792888755,-1.732518033895049,2.0,1.5,0.0,299.17,303.1105,0.958500000000015
3,43,2.0,301.836,192.361841680382,184.05645980884304,-1.732518033895049,2.0,2.0,0.0,300.84,300.005,0.958500000000015
4,44,1.0,303.363,310.340395422318,226.1511050133347,67.29465874250701,2.0,2.0,0.0,301.836,300.61533333333335,1.3329999999999984
5,45,2.0,304.127,69.5356743874499,190.7459704967167,-61.413083646466056,1.0,1.6666666666666667,-0.5,303.363,302.013,1.2615000000000123
6,46,2.0,305.109,326.447298201051,235.441122670273,8.0534513893665,2.0,1.6666666666666667,0.0,304.127,303.1086666666667,1.1454999999999984
7,47,3.0,305.691,432.071298218084,276.01809026886167,181.26781191531705,2.0,1.6666666666666667,0.5,305.109,304.19966666666664,0.8729999999999905
8,48,1.0,307.026,133.598099884947,297.3722321013607,-96.42459915805199,3.0,2.3333333333333335,0.5,305.691,304.97566666666665,0.7819999999999822
9,49,2.0,307.789,422.57929091613,329.4162296730537,-4.746003650977002,1.0,2.0,-0.5,307.026,305.942,0.958500000000015
10,50,2.0,307.671,331.519300463725,295.89889708826735,98.960600289389,2.0,2.0,-0.5,307.789,306.8353333333334,1.0490000000000066
1,53,3.0,299.17,254.345936333201,291.62371603721664,-1.732518033895049,2.0,1.5,0.0,304.127,307.361,0.958500000000015
2,54,3.0,300.84,114.620569492229,102.68991459982666,-1.732518033895049,3.0,2.0,0.0,299.17,303.1105,0.958500000000015
3,55,1.0,301.836,369.072756935463,241.84666321384606,-1.732518033895049,3.0,3.0,0.0,300.84,300.005,0.958500000000015
4,56,3.0,303.363,259.096667988977,247.5966648055564,72.238049248374,1.0,2.3333333333333335,-1.0,301.836,300.61533333333335,1.3329999999999984
5,57,2.0,304.127,347.553798004544,325.24107430966137,-10.75947946545952,3.0,2.3333333333333335,0.0,303.363,302.013,1.2615000000000123
6,58,3.0,305.109,382.949553151147,329.8666730482227,61.926442581084984,2.0,2.0,0.5,304.127,303.1086666666667,1.1454999999999984
7,59,3.0,305.691,14.5724937152757,248.35861495698893,-166.49065214463414,3.0,2.6666666666666665,0.0,305.109,304.19966666666664,0.8729999999999905
8,60,3.0,307.026,495.986876161188,297.8363076758703,56.518661505020496,3.0,2.6666666666666665,0.5,305.691,304.97566666666665,0.7819999999999822
9,61,3.0,307.789,402.034774662588,304.19804817968395,193.73114047365613,3.0,3.0,0.0,307.026,305.942,0.958500000000015
10,62,1.0,307.671,369.20493505454095,422.40886195943904,-63.39097055332351,3.0,3.0,0.0,307.789,306.8353333333334,1.0490000000000066
11,63,3.0,307.051,184.138438656012,318.45938279104706,-108.948168003288,1.0,2.3333333333333335,-1.0,307.671,307.49533333333335,0.3224999999999909
1,38,2.0,299.17,254.345936333201,98.35047464601968,-1.732518033895049,2.0,2.0,0.0,304.127,307.361,0.958500000000015
2,39,3.0,300.84,479.456005258496,246.0092579472617,-1.732518033895049,2.0,2.5,0.0,299.17,303.1105,0.958500000000015
3,40,1.0,301.836,82.9551446628979,281.20557496069705,-1.732518033895049,3.0,2.5,0.0,300.84,300.005,0.958500000000015
4,41,2.0,303.363,498.203825437351,353.5383251195817,9.373910089427483,1.0,2.0,-0.5,301.836,300.61533333333335,1.3329999999999984
5,42,3.0,304.127,363.81475971934094,314.9912432731967,140.42980752822152,2.0,2.0,-0.5,303.363,302.013,1.2615000000000123
6,43,2.0,305.109,201.847592107136,354.6220590879427,-148.1781166651075,3.0,2.0,1.0,304.127,303.1086666666667,1.1454999999999984
7,44,1.0,305.691,11.5769491660966,192.4131003308579,-176.11890527662217,2.0,2.3333333333333335,0.0,305.109,304.19966666666664,0.8729999999999905
8,45,1.0,307.026,254.345936333201,106.71227063661638,-1.732518033895049,1.0,2.0,-1.0,305.691,304.97566666666665,0.7819999999999822
9,46,3.0,307.789,245.676716044201,128.62683260514888,-1.732518033895049,1.0,1.3333333333333333,-0.5,307.026,305.942,0.958500000000015
10,47,2.0,307.671,294.192055839784,269.93438594199256,-1.732518033895049,3.0,1.6666666666666667,1.0,307.789,306.8353333333334,1.0490000000000066
11,48,1.0,307.051,305.708956632263,281.85924283874937,30.016120294030998,2.0,2.0,0.5,307.671,307.49533333333335,0.3224999999999909
12,49,1.0,306.746,142.212152862825,247.37105511162403,-75.9899514884795,1.0,2.0,-1.0,307.051,307.5036666666667,-0.3689999999999998
1,55,1.0,299.17,254.345936333201,309.7732727438495,-1.732518033895049,2.0,2.0,0.0,304.127,307.361,0.958500000000015
2,56,1.0,300.84,28.0746042037211,80.72396457907455,-1.732518033895049,1.0,1.0,0.0,299.17,303.1105,0.958500000000015
3,57,1.0,301.836,35.2245881124948,31.64959615810795,-1.732518033895049,1.0,1.0,0.0,300.84,300.005,0.958500000000015
4,58,1.0,303.363,127.385326426816,63.5615062476773,49.65536111154745,1.0,1.0,0.0,301.836,300.61533333333335,1.3329999999999984
5,59,2.0,304.127,492.968722514194,218.52621235116825,228.8720672008496,1.0,1.0,0.0,303.363,302.013,1.2615000000000123
6,60,1.0,305.109,383.193611511072,334.5158868173607,127.904142542128,2.0,1.3333333333333333,0.5,304.127,303.1086666666667,1.1454999999999984
7,61,2.0,305.691,190.213735032434,355.4586896859,-151.37749374088,1.0,1.3333333333333333,0.0,305.109,304.19966666666664,0.8729999999999905
8,62,2.0,307.026,272.529595196632,281.97898058004597,-55.332008157219995,2.0,1.6666666666666667,0.0,305.691,304.97566666666665,0.7819999999999822
1,36,2.0,299.17,254.345936333201,223.96055474754405,-1.732518033895049,2.0,1.5,0.0,304.127,307.361,0.958500000000015
2,37,2.0,300.84,394.599518784619,268.4058358237221,-1.732518033895049,2.0,1.5,0.0,299.17,303.1105,0.958500000000015
3,38,2.0,301.836,263.461837656389,329.0306782205041,-1.732518033895049,2.0,2.0,0.0,300.84,300.005,0.958500000000015
4,39,1.0,303.363,170.814449268563,276.2919352365237,-111.892534758028,2.0,2.0,0.0,301.836,300.61533333333335,1.3329999999999984
5,40,1.0,304.127,118.099856828494,184.12538125114872,-72.68099041394748,1.0,1.6666666666666667,-0.5,303.363,302.013,1.2615000000000123
6,41,2.0,305.109,499.190280582545,262.7015288932007,164.18791565699098,1.0,1.3333333333333333,-0.5,304.127,303.1086666666667,1.1454999999999984
7,42,1.0,305.691,216.411546114095,277.9005611750447,49.15584464280049,2.0,1.3333333333333333,0.5,305.109,304.19966666666664,0.8729999999999905
8,43,1.0,307.026,67.9847335524598,261.19552008303333,-215.60277351504257,1.0,1.3333333333333333,0.0,305.691,304.97566666666665,0.7819999999999822
9,44,1.0,307.789,198.078146447192,160.82480870458232,-9.166699833451489,1.0,1.3333333333333333,-0.5,307.026,305.942,0.958500000000015
10,45,1.0,307.671,100.393364035483,122.15208134504498,16.2043152415116,1.0,1.0,0.0,307.789,306.8353333333334,1.0490000000000066
11,46,2.0,307.051,22.8363871807118,107.10263255446233,-87.62087963324011,1.0,1.0,0.0,307.671,307.49533333333335,0.3224999999999909
12,47,2.0,306.746,143.804696886678,89.01148270095764,21.705666425597492,2.0,1.3333333333333333,0.5,307.051,307.5036666666667,-0.3689999999999998
1,12,3.0,299.17,254.345936333201,83.32054203369498,-1.732518033895049,2.0,1.5,0.0,304.127,307.361,0.958500000000015
2,13,3.0,300.84,437.637822737455,290.7212598120666,-1.732518033895049,3.0,2.5,0.0,299.17,303.1105,0.958500000000015
3,14,3.0,301.836,403.295221799898,420.4665222686766,-1.732518033895049,3.0,3.0,0.0,300.84,300.005,0.958500000000015
4,15,3.0,303.363,75.4051864838125,305.44607700705524,-181.11631812682126,3.0,3.0,0.0,301.836,300.61533333333335,1.3329999999999984
5,16,1.0,304.127,253.265964654097,243.98879097926923,-75.0146285729005,3.0,3.0,0.0,303.363,302.013,1.2615000000000123
6,17,3.0,305.109,385.101320505644,237.9241572145179,154.84806701091577,1.0,2.3333333333333335,-1.0,304.127,303.1086666666667,1.1454999999999984
7,18,2.0,305.691,76.3235003160659,238.23026182526905,-88.47123216901554,3.0,2.3333333333333335,0.0,305.109,304.19966666666664,0.8729999999999905
8,19,3.0,307.026,478.741164330894,313.3886617175347,46.81992191262498,2.0,2.0,0.5,305.691,304.97566666666665,0.7819999999999822
9,20,1.0,307.789,148.271666599668,234.44544374887604,35.974083141801046,3.0,2.6666666666666665,0.0,307.026,305.942,0.958500000000015
10,21,1.0,307.671,454.064744455308,360.3591917952901,-12.338209937792982,1.0,2.0,-0.5,307.789,306.8353333333334,1.0490000000000066
11,22,3.0,307.051,382.105148584802,328.14718654659276,116.916740992567,1.0,1.6666666666666667,-1.0,307.671,307.49533333333335,0.3224999999999909
1,48,2.0,299.17,254.345936333201,212.06728289567553,-1.732518033895049,2.0,2.0,0.0,304.127,307.361,0.958500000000015
2,49,3.0,300.84,78.2302318476216,60.12982452708531,-1.732518033895049,2.0,2.5,0.0,299.17,303.1105,0.958500000000015
1,4,3.0,299.17,254.345936333201,333.7703669209971,-1.732518033895049,2.0,2.0,0.0,304.127,307.361,0.958500000000015
2,5,2.0,300.84,132.973664056746,157.1158931896436,-1.732518033895049,3.0,2.0,0.0,299.17,303.1105,0.958500000000015
3,6,3.0,301.836,266.46154657344,199.71760531509312,-1.732518033895049,2.0,2.5,0.0,300.84,300.005,0.958500000000015
4,7,3.0,303.363,364.179008572157,254.53807306744775,115.60267225770548,3.0,2.6666666666666665,0.0,301.836,300.61533333333335,1.3329999999999984
5,8,2.0,304.127,276.333726497897,302.32476054783143,4.936089962228493,3.0,2.6666666666666665,0.5,303.363,302.013,1.2615000000000123
6,9,1.0,305.109,247.501180693723,296.00463858792574,-58.338913939216994,2.0,2.6666666666666665,-0.5,304.127,303.1086666666667,1.1454999999999984
7,10,2.0,305.691,426.487932025524,316.7742797390481,75.07710276381351,1.0,2.0,-1.0,305.109,304.19966666666664,0.8729999999999905
8,11,3.0,307.026,211.765115376409,295.25140936521876,-17.868032658657,2.0,1.6666666666666667,0.0,305.691,304.97566666666665,0.7819999999999822
9,12,1.0,307.789,40.513821882124,226.25562309468577,-192.9870550717,3.0,2.0,1.0,307.026,305.942,0.958500000000015
10,13,3.0,307.671,235.027540022509,162.43549242701408,11.631212323049994,1.0,2.0,-0.5,307.789,306.8353333333334,1.0490000000000066
11,14,2.0,307.051,108.668253246627,128.06987171708676,34.0772156822515,3.0,2.3333333333333335,0.0,307.671,307.49533333333335,0.3224999999999909
12,15,2.0,306.746,171.805381787034,171.8337250187234,-31.61107911773749,2.0,2.0,0.5,307.051,307.5036666666667,-0.3689999999999998
1,12,1.0,299.17,254.345936333201,140.23681751683063,-1.732518033895049,2.0,2.5,0.0,304.127,307.361,0.958500000000015
2,13,1.0,300.84,436.583428272543,304.19440502978864,-1.732518033895049,1.0,1.5,0.0,299.17,303.1105,0.958500000000015
1,41,2.0,299.17,254.345936333201,359.72202496311513,-1.732518033895049,2.0,1.0,0.0,304.127,307.361,0.958500000000015
2,42,1.0,300.84,271.184144950609,296.0647647751291,-1.732518033895049,2.0,1.5,0.0,299.17,303.1105,0.958500000000015
3,43,3.0,301.836,398.69806171474494,334.9411033326771,-1.732518033895049,1.0,1.5,0.0,300.84,300.005,0.958500000000015
4,44,1.0,303.363,454.010194835226,374.63080050019335,91.41302494230851,3.0,2.0,0.5,301.836,300.61533333333335,1.3329999999999984
5,45,1.0,304.127,78.9486487438916,310.55230176462095,-159.87470648542666,1.0,1.6666666666666667,0.0,303.363,302.013,1.2615000000000123
6,46,3.0,305.109,448.054957903857,327.00460049432496,-2.9776184656845146,1.0,1.6666666666666667,-1.0,304.127,303.1086666666667,1.1454999999999984
7,47,3.0,305.691,225.758475000491,250.9206938827466,73.4049131282997,3.0,1.6666666666666667,1.0,305.109,304.19966666666664,0.8729999999999905
8,48,1.0,307.026,442.384020519596,372.06581780798143,-2.8354686921304904,3.0,2.3333333333333335,1.0,305.691,304.97566666666665,0.7819999999999822
9,49,3.0,307.789,483.892041476994,384.0115123323604,129.0667832382515,1.0,2.3333333333333335,-1.0,307.026,305.942,0.958500000000015
10,50,2.0,307.671,337.280799413777,421.1856204701224,-52.55161055290949,3.0,2.3333333333333335,0.0,307.789,306.8353333333334,1.0490000000000066
11,51,2.0,307.051,442.144601569276,421.10581415334906,-20.873719953858995,2.0,2.0,0.5,307.671,307.49533333333335,0.3224999999999909
12,52,3.0,306.746,16.1776847881219,265.20102859039173,-160.55155731282755,2.0,2.3333333333333335,-0.5,307.051,307.5036666666667,-0.3689999999999998
1,45,3.0,299.17,254.345936333201,229.1611431786991,-1.732518033895049,2.0,2.0,0.0,304.127,307.361,0.958500000000015
2,46,1.0,300.84,368.433280266778,192.30548252745007,-1.732518033895049,3.0,2.5,0.0,299.17,303.1105,0.958500000000015
3,47,1.0,301.836,411.341121792212,389.88720102949515,-1.732518033895049,1.0,2.0,0.0,300.84,300.005,0.958500000000015
4,48,2.0,303.363,164.031555460037,314.60198583967576,-102.20086240337051,1.0,1.6666666666666667,-1.0,301.836,300.61533333333335,1.3329999999999984
5,49,2.0,304.127,235.039946614875,270.1375412890414,-88.1505875886685,2.0,1.3333333333333333,0.5,303.363,302.013,1.2615000000000123
6,50,2.0,305.109,415.842133694237,271.6378785897164,125.90528911710001,2.0,1.6666666666666667,0.5,304.127,303.1086666666667,1.1454999999999984
7,51,3.0,305.691,358.886869962083,336.58965009039844,61.923461673603995,2.0,2.0,0.0,305.109,304.19966666666664,0.8729999999999905
8,52,1.0,307.026,127.538315250413,300.75577296891106,-144.151909221912,3.0,2.3333333333333335,0.5,305.691,304.97566666666665,0.7819999999999822
9,53,1.0,307.789,230.671979663652,239.03238829204943,-64.1074451492155,1.0,2.0,-0.5,307.026,305.942,0.958500000000015
10,54,3.0,307.671,314.254998064431,224.15509765949878,93.358341407009,1.0,1.6666666666666667,-1.0,307.789,306.8353333333334,1.0490000000000066
11,55,1.0,307.051,240.930712025101,261.95256325106146,5.129366180724503,3.0,1.6666666666666667,1.0,307.671,307.49533333333335,0.3224999999999909
12,56,1.0,306.746,71.8697233666063,209.01847781871285,-121.19263734891234,1.0,1.6666666666666667,0.0,307.051,307.5036666666667,-0.3689999999999998
1,48,3.0,299.17,254.345936333201,156.40021769585377,-1.732518033895049,2.0,2.0,0.0,304.127,307.361,0.958500000000015
2,49,2.0,300.84,254.345936333201,71.8697233666063,-1.732518033895049,3.0,2.0,0.0,299.17,303.1105,0.958500000000015
3,50,2.0,301.836,146.845283342661,146.845283342661,-1.732518033895049,2.0,2.5,0.0,300.84,300.005,0.958500000000015
4,51,1.0,303.363,261.200829041076,204.02305619186865,-1.732518033895049,2.0,2.3333333333333335,-0.5,301.836,300.61533333333335,1.3329999999999984
5,52,1.0,304.127,26.2627837355888,144.76963203977536,-60.29124980353609,1.0,1.6666666666666667,-0.5,303.363,302.013,1.2615000000000123
6,53,2.0,305.109,469.769361039757,252.4109912721407,104.28426599934046,1.0,1.3333333333333333,-0.5,304.127,303.1086666666667,1.1454999999999984
7,54,1.0,305.691,396.339198194116,297.45711432315403,185.0382072292636,2.0,1.3333333333333333,0.5,305.109,304.19966666666664,0.8729999999999905
8,55,3.0,307.026,454.525565045857,440.2113747599101,-7.621897996949996,1.0,1.3333333333333333,0.0,305.691,304.97566666666665,0.7819999999999822
9,56,3.0,307.789,64.3848399146057,305.0832010515263,-165.97717913975515,3.0,2.0,0.5,307.026,305.942,0.958500000000015
10,57,2.0,307.671,433.636168666108,317.51552454219035,-10.444698189874487,3.0,2.3333333333333335,1.0,307.789,306.8353333333334,1.0490000000000066
11,58,3.0,307.051,488.632160970223,328.88438985031235,212.12366052780862,2.0,2.6666666666666665,-0.5,307.671,307.49533333333335,0.3224999999999909
12,59,3.0,306.746,30.5920908339886,317.6201401567733,-201.5220389160597,3.0,2.6666666666666665,0.0,307.051,307.5036666666667,-0.3689999999999998
1,40,2.0,299.17,254.345936333201,259.61212590210596,-1.732518033895049,2.0,2.5,0.0,304.127,307.361,0.958500000000015
2,41,1.0,300.84,456.277379205518,243.43473501975345,-1.732518033895049,2.0,2.5,0.0,299.17,303.1105,0.958500000000015
3,42,2.0,301.836,18.8232122442227,237.5502957248705,-1.732518033895049,1.0,1.5,0.0,300.84,300.005,0.958500000000015
4,43,2.0,303.363,159.328036739205,211.47620939631534,-148.4746712331565,2.0,1.6666666666666667,0.0,301.836,300.61533333333335,1.3329999999999984
5,44,3.0,304.127,437.649381387403,205.266876790277,209.41308457159013,2.0,1.6666666666666667,0.5,303.363,302.013,1.2615000000000123
6,45,1.0,305.109,274.942253556006,290.63989056087144,57.807108408400495,3.0,2.3333333333333335,0.5,304.127,303.1086666666667,1.1454999999999984
7,46,3.0,305.691,16.0779777758842,242.88987090643116,-210.78570180575937,1.0,2.0,-0.5,305.109,304.19966666666664,0.8729999999999905
8,47,1.0,307.026,303.195167305902,198.07179954593084,14.126456874947989,3.0,2.3333333333333335,0.0,305.691,304.97566666666665,0.7819999999999822
9,48,2.0,307.789,374.164667378486,231.14593748675748,179.04334480130092,1.0,1.6666666666666667,0.0,307.026,305.942,0.958500000000015
10,49,3.0,307.671,427.609298451679,368.3230443786891,62.20706557288852,2.0,2.0,-0.5,307.789,306.8353333333334,1.0490000000000066
11,50,2.0,307.051,447.22822408843,416.33406330619846,36.531778354972005,3.0,2.0,1.0,307.671,307.49533333333335,0.3224999999999909
1,10,1.0,299.17,254.345936333201,287.29410367205213,-1.732518033895049,2.0,2.5,0.0,304.127,307.361,0.958500000000015
2,11,3.0,300.84,429.291085980394,278.3255346180341,-1.732518033895049,1.0,1.5,0.0,299.17,303.1105,0.958500000000015
3,12,1.0,301.836,417.373022048998,423.3320540146961,-1.732518033895049,3.0,2.0,0.0,300.84,300.005,0.958500000000015
4,13,3.0,303.363,55.99006956344449,300.8847258642789,-186.65050820847475,1.0,1.6666666666666667,0.0,301.836,300.61533333333335,1.3329999999999984
5,14,1.0,304.127,416.35053166521,296.57120775921754,-0.5112451918940053,3.0,2.3333333333333335,0.0,303.363,302.013,1.2615000000000123
6,15,2.0,305.109,263.54871235997,245.29643786287488,103.77932139826275,1.0,1.6666666666666667,0.0,304.127,303.1086666666667,1.1454999999999984
7,16,1.0,305.691,222.952020820769,300.9504216153164,-96.69925542222047,2.0,2.0,-0.5,305.109,304.19966666666664,0.8729999999999905
8,17,3.0,307.026,447.336412077875,311.2790484195381,91.8938498589525,1.0,1.3333333333333333,0.0,305.691,304.97566666666665,0.7819999999999822
9,18,2.0,307.789,319.340701015074,329.8763779712394,48.19434009715249,3.0,2.0,0.5,307.026,305.942,0.958500000000015
10,19,1.0,307.671,126.342399503655,297.6731708655347,-160.49700628711003,2.0,2.0,0.5,307.789,306.8353333333334,1.0490000000000066
11,20,3.0,307.051,198.410550545958,214.6978836882291,-60.465075234558,1.0,2.0,-1.0,307.671,307.49533333333335,0.3224999999999909
12,21,2.0,306.746,475.76021576724,266.83772193895106,174.7089081317925,3.0,2.0,0.5,307.051,307.5036666666667,-0.3689999999999998
1,27,2.0,299.17,254.345936333201,69.55548301081976,-1.732518033895049,2.0,2.5,0.0,304.127,307.361,0.958500000000015
2,28,1.0,300.84,199.500319687263,160.2416247671265,-1.732518033895049,2.0,2.0,0.0,299.17,303.1105,0.958500000000015
3,29,3.0,301.836,177.122512014627,188.311415850945,-1.732518033895049,1.0,1.5,0.0,300.84,300.005,0.958500000000015
4,30,1.0,303.363,439.896283156681,272.1730382861903,120.19798173470902,3.0,2.0,0.5,301.836,300.61533333333335,1.3329999999999984
5,31,2.0,304.127,410.438878098596,342.485891089968,116.65818304198449,1.0,1.6666666666666667,0.0,303.363,302.013,1.2615000000000123
6,32,3.0,305.109,128.507622541221,326.280927932166,-155.69433030773,2.0,2.0,-0.5,304.127,303.1086666666667,1.1454999999999984
7,33,2.0,305.691,451.204848010032,330.05044954994963,20.382984955718,3.0,2.0,1.0,305.109,304.19966666666664,0.8729999999999905
8,34,1.0,307.026,181.112691560204,253.60838737048564,26.302534509491505,2.0,2.3333333333333335,0.0,305.691,304.97566666666665,0.7819999999999822
9,35,2.0,307.789,444.672347889908,358.9966291533813,-3.2662500600619917,1.0,2.0,-1.0,307.026,305.942,0.958500000000015
10,36,3.0,307.671,51.228582847573904,225.67120743256194,-64.94205435631505,2.0,1.6666666666666667,0.0,307.789,306.8353333333334,1.0490000000000066
11,37,1.0,307.051,307.150239233199,267.6837233235603,-68.7610543283545,3.0,2.0,1.0,307.671,307.49533333333335,0.3224999999999909
12,38,2.0,306.746,335.115866862947,231.1648963145733,141.94364200768655,1.0,2.0,-0.5,307.051,307.5036666666667,-0.3689999999999998
1,16,1.0,299.17,254.345936333201,337.0853831565991,-1.732518033895049,2.0,2.0,0.0,304.127,307.361,0.958500000000015
2,17,2.0,300.84,134.651874612505,305.2060451898726,-1.732518033895049,1.0,2.0,0.0,299.17,303.1105,0.958500000000015
3,18,2.0,301.836,32.367885296168,83.50987995433661,-1.732518033895049,2.0,1.5,0.0,300.84,300.005,0.958500000000015
4,19,1.0,303.363,486.051018541515,217.6902594833961,175.69957196450503,2.0,1.6666666666666667,0.5,301.836,300.61533333333335,1.3329999999999984
5,20,3.0,304.127,106.087879241813,208.16892769316541,36.8599969728225,1.0,1.6666666666666667,-0.5,303.363,302.013,1.2615000000000123
1,40,1.0,299.17,254.345936333201,179.17344678910212,-1.732518033895049,2.0,2.0,0.0,304.127,307.361,0.958500000000015
2,41,1.0,300.84,179.159339972829,191.84835508952662,-1.732518033895049,1.0,1.5,0.0,299.17,303.1105,0.958500000000015
3,42,2.0,301.836,251.837824366658,215.4985821697436,-1.732518033895049,1.0,1.0,0.0,300.84,300.005,0.958500000000015
4,43,3.0,303.363,74.429668750011,168.47561102983275,-52.364835611409,2.0,1.3333333333333333,0.5,301.836,300.61533333333335,1.3329999999999984
5,44,1.0,304.127,216.695807484027,180.98776686689874,-17.5710084413155,3.0,2.0,1.0,303.363,302.013,1.2615000000000123
6,45,2.0,305.109,359.87599578876,217.00049067426608,142.7231635193745,1.0,2.0,-0.5,304.127,303.1086666666667,1.1454999999999984
7,46,3.0,305.691,413.657288268434,330.07636384707376,98.48074039220349,2.0,2.0,-0.5,305.109,304.19966666666664,0.8729999999999905
8,47,1.0,307.026,10.7669015438217,261.4333952003387,-174.55454712246916,3.0,2.0,1.0,305.691,304.97566666666665,0.7819999999999822
9,48,2.0,307.789,136.227537963524,186.88390925859332,-138.71487515245502,1.0,2.0,-0.5,307.026,305.942,0.958500000000015
10,49,1.0,307.671,346.429057611377,164.47449903957428,167.83107803377766,2.0,2.0,-0.5,307.789,306.8353333333334,1.0490000000000066
11,50,2.0,307.051,233.555889388216,238.73749498770573,48.66417571234601,1.0,1.3333333333333333,0.0,307.671,307.49533333333335,0.3224999999999909
12,51,1.0,306.746,215.284417191863,265.08978806381873,-65.572320209757,2.0,1.6666666666666667,0.0,307.051,307.5036666666667,-0.3689999999999998
1,3,1.0,299.17,254.345936333201,224.4201532900396,-1.732518033895049,2.0,1.5,0.0,304.127,307.361,0.958500000000015
2,4,3.0,300.84,337.600596894228,276.4425070430456,-1.732518033895049,1.0,1.5,0.0,299.17,303.1105,0.958500000000015
3,5,1.0,301.836,300.893787692184,319.2471922932061,-1.732518033895049,3.0,2.0,0.0,300.84,300.005,0.958500000000015
4,6,1.0,303.363,457.510604312356,365.3349962995894,59.95500370906401,1.0,1.6666666666666667,0.0,301.836,300.61533333333335,1.3329999999999984
5,7,2.0,304.127,364.746797178386,374.38372972764205,31.92650474310099,1.0,1.6666666666666667,-1.0,303.363,302.013,1.2615000000000123
6,8,1.0,305.109,42.5574837343297,288.2716284083573,-207.47656028901312,2.0,1.3333333333333333,0.5,304.127,303.1086666666667,1.1454999999999984
7,9,3.0,305.691,15.736239258143,141.01350672361963,-174.50527896012147,1.0,1.3333333333333333,0.0,305.109,304.19966666666664,0.8729999999999905
1,26,1.0,299.17,254.345936333201,339.47219643898507,-1.732518033895049,2.0,3.0,0.0,304.127,307.361,0.958500000000015
2,27,3.0,300.84,160.093614401324,254.7075497346221,-1.732518033895049,1.0,2.0,0.0,299.17,303.1105,0.958500000000015
3,28,2.0,301.836,401.20636685399296,280.6499906276586,-1.732518033895049,3.0,2.0,0.0,300.84,300.005,0.958500000000015
4,29,1.0,303.363,459.151265562192,340.1504156058364,149.528825580434,2.0,2.0,0.5,301.836,300.61533333333335,1.3329999999999984
5,30,1.0,304.127,295.277385831116,385.21167274910044,-52.96449051143847,1.0,2.0,-1.0,303.363,302.013,1.2615000000000123
6,31,2.0,305.109,355.737072695474,370.05524136292746,-51.707096433359,1.0,1.3333333333333333,-0.5,304.127,303.1086666666667,1.1454999999999984
7,32,2.0,305.691,91.7614988323889,247.59198578632638,-101.75794349936356,2.0,1.3333333333333333,0.5,305.109,304.19966666666664,0.8729999999999905
8,33,2.0,307.026,446.147547240066,297.8820395893097,45.20523727229599,2.0,1.6666666666666667,0.5,305.691,304.97566666666665,0.7819999999999822
9,34,1.0,307.789,22.4694023538179,186.79281614209103,-34.64604823928549,2.0,2.0,0.0,307.026,305.942,0.958500000000015
10,35,2.0,307.671,176.896041624833,215.17099707290572,-134.6257528076165,1.0,1.6666666666666667,-0.5,307.789,306.8353333333334,1.0490000000000066
11,36,1.0,307.051,162.496572581063,120.62067218657137,70.01358511362255,2.0,1.6666666666666667,0.0,307.671,307.49533333333335,0.3224999999999909
12,37,3.0,306.746,188.650926816795,176.01451367423041,5.877442595980995,1.0,1.3333333333333333,0.0,307.051,307.5036666666667,-0.3689999999999998
1,30,1.0,299.17,254.345936333201,175.57374969892908,-1.732518033895049,2.0,1.5,0.0,304.127,307.361,0.958500000000015
2,31,2.0,300.84,247.938952833105,218.29493982495012,-1.732518033895049,1.0,1.0,0.0,299.17,303.1105,0.958500000000015
1,45,1.0,299.17,254.345936333201,486.56141891142454,-1.732518033895049,2.0,2.5,0.0,304.127,307.361,0.958500000000015
2,46,1.0,300.84,275.289727600317,378.12305772501907,-1.732518033895049,1.0,2.0,0.0,299.17,303.1105,0.958500000000015
3,47,3.0,301.836,275.435358080902,275.36254284060965,-1.732518033895049,1.0,1.0,0.0,300.84,300.005,0.958500000000015
4,48,1.0,303.363,225.816261653088,258.8471157781024,-24.736732973614508,3.0,1.6666666666666667,1.0,301.836,300.61533333333335,1.3329999999999984
5,49,3.0,304.127,105.365679985387,202.20576657312574,-85.0348390477575,1.0,1.6666666666666667,0.0,303.363,302.013,1.2615000000000123
6,50,2.0,305.109,142.421369144084,157.86777026085306,-41.697446254502,3.0,2.3333333333333335,0.0,304.127,303.1086666666667,1.1454999999999984
7,51,1.0,305.691,180.165749124949,142.65093275147342,37.400034569781,2.0,2.0,0.5,305.109,304.19966666666664,0.8729999999999905
8,52,2.0,307.026,227.581437109079,183.38951845937072,42.5800339824975,1.0,2.0,-1.0,305.691,304.97566666666665,0.7819999999999822
9,53,1.0,307.789,206.871612320619,204.87293285154905,13.352931597834996,2.0,1.6666666666666667,0.0,307.026,305.942,0.958500000000015
10,54,3.0,307.671,315.468919498126,249.97398964260807,43.94374119452351,1.0,1.3333333333333333,0.0,307.789,306.8353333333334,1.0490000000000066
1,6,1.0,299.17,254.345936333201,175.83024560076862,-1.732518033895049,2.0,3.0,0.0,304.127,307.361,0.958500000000015
2,7,2.0,300.84,455.632759359249,349.3251588638971,-1.732518033895049,1.0,2.0,0.0,299.17,303.1105,0.958500000000015
3,8,1.0,301.836,436.284888227366,445.9588237933076,-1.732518033895049,2.0,1.5,0.0,300.84,300.005,0.958500000000015
4,9,3.0,303.363,71.1621988437557,321.0266154767903,-192.2352802577466,1.0,1.3333333333333333,0.0,301.836,300.61533333333335,1.3329999999999984
5,10,1.0,304.127,439.77438469891297,315.74049059001163,1.7447482357734712,3.0,2.0,0.5,303.363,302.013,1.2615000000000123
6,11,3.0,305.109,236.711046482043,249.21587667490394,82.77442381914365,1.0,1.6666666666666667,0.0,304.127,303.1086666666667,1.1454999999999984
7,12,2.0,305.691,433.138286032127,369.87457240436106,-3.3180493333929917,3.0,2.3333333333333335,0.0,305.109,304.19966666666664,0.8729999999999905
8,13,1.0,307.026,150.033942207676,273.29442490728206,-43.3385521371835,2.0,2.0,0.5,305.691,304.97566666666665,0.7819999999999822
9,14,3.0,307.789,199.404848343284,260.8590255276957,-116.8667188444215,1.0,2.0,-1.0,307.026,305.942,0.958500000000015
10,15,2.0,307.671,292.866724324234,214.10183829173138,71.41639105827899,3.0,2.0,0.5,307.789,306.8353333333334,1.0490000000000066
11,16,1.0,307.051,209.71626220117,233.9959449562294,5.155706928943005,2.0,2.0,0.5,307.671,307.49533333333335,0.3224999999999909
12,17,3.0,306.746,291.029186213231,264.5373909128784,-0.9187690555014854,1.0,2.0,-1.0,307.051,307.5036666666667,-0.3689999999999998
1,21,1.0,299.17,254.345936333201,250.3727242072006,-1.732518033895049,2.0,1.5,0.0,304.127,307.361,0.958500000000015
2,22,2.0,300.84,425.01473856146,358.02196238734564,-1.732518033895049,1.0,1.0,0.0,299.17,303.1105,0.958500000000015
3,23,3.0,301.836,442.89773386317,433.9562362123151,-1.732518033895049,2.0,1.5,0.0,300.84,300.005,0.958500000000015
1,30,1.0,299.17,254.345936333201,457.44108800711814,-1.732518033895049,2.0,1.0,0.0,304.127,307.361,0.958500000000015
2,31,3.0,300.84,418.730852530331,417.34040463019915,-1.732518033895049,1.0,1.0,0.0,299.17,303.1105,0.958500000000015
3,32,1.0,301.836,379.1796819059151,398.95526721812314,-1.732518033895049,3.0,2.0,0.0,300.84,300.005,0.958500000000015
4,33,2.0,303.363,385.396807069837,394.43578050202774,-16.667022730246998,1.0,1.6666666666666667,0.0,301.836,300.61533333333335,1.3329999999999984
5,34,1.0,304.127,53.4163098451427,272.66426627363165,-162.88168603038622,2.0,2.0,-0.5,303.363,302.013,1.2615000000000123
6,35,2.0,305.109,209.696085205891,216.1697340402903,-87.850360931973,1.0,1.3333333333333333,0.0,304.127,303.1086666666667,1.1454999999999984
7,36,2.0,305.691,180.922061645045,148.01148556535964,63.75287589995114,2.0,1.6666666666666667,0.0,305.109,304.19966666666664,0.8729999999999905
8,37,2.0,307.026,474.3671327225911,288.3284265245091,132.33552375835006,2.0,1.6666666666666667,0.5,305.691,304.97566666666665,0.7819999999999822
9,38,1.0,307.789,266.062533675005,307.11724268088045,42.57023601498,2.0,2.0,0.0,307.026,305.942,0.958500000000015
10,39,1.0,307.671,255.305891354505,331.9118525840338,-109.53062068404306,1.0,1.6666666666666667,-0.5,307.789,306.8353333333334,1.0490000000000066
11,40,1.0,307.051,34.6107456173472,185.32639021561917,-115.7258940288289,1.0,1.3333333333333333,-0.5,307.671,307.49533333333335,0.3224999999999909
12,41,1.0,306.746,154.692342083492,148.20299301844815,-50.3067746355065,1.0,1.0,0.0,307.051,307.5036666666667,-0.3689999999999998
1,47,2.0,299.17,254.345936333201,94.65154385041971,-1.732518033895049,2.0,1.0,0.0,304.127,307.361,0.958500000000015
2,48,3.0,300.84,453.994391044924,304.3433665642081,-1.732518033895049,2.0,1.5,0.0,299.17,303.1105,0.958500000000015
3,49,2.0,301.836,120.75420892984,287.37429998738213,-1.732518033895049,3.0,2.5,0.0,300.84,300.005,0.958500000000015
4,50,3.0,303.363,305.711617061256,293.4867390120067,-74.141386991834,2.0,2.3333333333333335,0.0,301.836,300.61533333333335,1.3329999999999984
5,51,1.0,304.127,70.2311324480399,165.56565281304538,-25.261538240900048,3.0,2.6666666666666665,0.0,303.363,302.013,1.2615000000000123
6,52,2.0,305.109,230.181373599425,202.04137436957367,-37.765121730915496,1.0,2.0,-0.5,304.127,303.1086666666667,1.1454999999999984
7,53,3.0,305.691,45.1701450509914,115.19421703281883,-12.530493698524246,2.0,2.0,-0.5,305.109,304.19966666666664,0.8729999999999905
8,54,3.0,307.026,359.836789928229,211.72943619288185,64.827708164402,3.0,2.0,1.0,305.691,304.97566666666665,0.7819999999999822
9,55,2.0,307.789,280.725474029866,228.57746966969555,117.7776644894373,3.0,2.6666666666666665,0.5,307.026,305.942,0.958500000000015
10,56,3.0,307.671,389.919613697536,343.49395921854375,15.041411884653511,2.0,2.6666666666666665,-0.5,307.789,306.8353333333334,1.0490000000000066
11,57,3.0,307.051,149.294305534483,273.31313108729506,-65.71558424769151,3.0,2.6666666666666665,0.0,307.671,307.49533333333335,0.3224999999999909
12,58,3.0,306.746,36.6226970632229,191.94553876508073,-176.64845831715655,3.0,2.6666666666666665,0.5,307.051,307.5036666666667,-0.3689999999999998
1,13,2.0,299.17,254.345936333201,321.133053048073,-1.732518033895049,2.0,2.0,0.0,304.127,307.361,0.958500000000015
2,14,2.0,300.84,119.891961635674,227.50391424931047,-1.732518033895049,2.0,1.5,0.0,299.17,303.1105,0.958500000000015
3,15,3.0,301.836,169.445852098041,144.6689068668575,-1.732518033895049,2.0,2.0,0.0,300.84,300.005,0.958500000000015
4,16,2.0,303.363,426.119471142147,238.48576162528732,153.1137547532365,3.0,2.3333333333333335,0.5,301.836,300.61533333333335,1.3329999999999984
5,17,2.0,304.127,55.9006362357653,217.15531982531778,-56.772607931137856,2.0,2.3333333333333335,0.0,303.363,302.013,1.2615000000000123
6,18,1.0,305.109,129.554925255751,203.85834421122112,-148.282272943198,2.0,2.3333333333333335,-0.5,304.127,303.1086666666667,1.1454999999999984
7,19,2.0,305.691,447.102812036786,210.8527911761008,195.60108790051038,1.0,1.6666666666666667,-0.5,305.109,304.19966666666664,0.8729999999999905
8,20,1.0,307.026,256.292175621544,277.64997097136035,63.36862518289651,2.0,1.6666666666666667,0.0,305.691,304.97566666666665,0.7819999999999822
9,21,2.0,307.789,105.669064021042,269.68801722645736,-170.716874007872,1.0,1.3333333333333333,0.0,307.026,305.942,0.958500000000015
10,22,3.0,307.671,21.9148235514124,127.9586877313328,-117.1886760350658,2.0,1.6666666666666667,0.0,307.789,306.8353333333334,1.0490000000000066
11,23,3.0,307.051,470.824706332928,199.4695313017941,182.577821155943,3.0,2.0,1.0,307.671,307.49533333333335,0.3224999999999909
12,24,1.0,306.746,191.377763125168,228.0390976698361,84.7314697868778,3.0,2.6666666666666665,0.5,307.051,307.5036666666667,-0.3689999999999998
1,13,2.0,299.17,254.345936333201,92.95850129885307,-1.732518033895049,2.0,3.0,0.0,304.127,307.361,0.958500000000015
2,14,1.0,300.84,145.323083332241,90.97289019773206,-1.732518033895049,2.0,3.0,0.0,299.17,303.1105,0.958500000000015
3,15,2.0,301.836,421.27586125444094,283.29947229334107,-1.732518033895049,1.0,1.0,0.0,300.84,300.005,0.958500000000015
4,16,1.0,303.363,373.042987514515,313.21397736706575,113.85995209113699,2.0,1.5,0.0,301.836,300.61533333333335,1.3329999999999984
5,17,2.0,304.127,186.51462021221,326.94448966038874,-117.38062052111547,1.0,1.3333333333333333,0.0,303.363,302.013,1.2615000000000123
6,18,3.0,305.109,163.54047961672,241.03269578114842,-104.7512539488975,2.0,1.6666666666666667,0.0,304.127,303.1086666666667,1.1454999999999984
7,19,1.0,305.691,222.570535592499,190.87521180714307,18.027957690144504,3.0,2.0,1.0,305.109,304.19966666666664,0.8729999999999905
8,20,1.0,307.026,482.398424080153,289.5031464297908,159.4289722317165,1.0,2.0,-0.5,305.691,304.97566666666665,0.7819999999999822
9,21,3.0,307.789,251.968879823895,318.9792798321824,14.699172115698003,1.0,1.6666666666666667,-1.0,307.026,305.942,0.958500000000015
10,22,3.0,307.671,354.889974900822,363.08575960162335,-63.754224589665505,3.0,1.6666666666666667,1.0,307.789,306.8353333333334,1.0490000000000066
11,23,2.0,307.051,359.392564810816,322.0838065118444,53.71184249346049,3.0,2.3333333333333335,1.0,307.671,307.49533333333335,0.3224999999999909
12,24,2.0,306.746,382.908517222884,365.7303523115074,14.009271161030993,2.0,2.6666666666666665,-0.5,307.051,307.5036666666667,-0.3689999999999998
1,34,1.0,299.17,254.345936333201,371.15054101685007,-1.732518033895049,2.0,2.5,0.0,304.127,307.361,0.958500000000015
2,35,1.0,300.84,325.633118523199,354.27081787304155,-1.732518033895049,1.0,1.5,0.0,299.17,303.1105,0.958500000000015
3,36,1.0,301.836,478.8319095873,402.23251405524957,-1.732518033895049,1.0,1.0,0.0,300.84,300.005,0.958500000000015
4,37,2.0,303.363,234.272806528054,346.2459448795177,-45.68015599757251,1.0,1.0,0.0,301.836,300.61533333333335,1.3329999999999984
5,38,2.0,304.127,191.208495433717,301.43773718302367,-143.8117070767915,2.0,1.3333333333333333,0.5,303.363,302.013,1.2615000000000123
